วันที่,จำนวนคนตาย,จำนวนคนบาดเจ็บ,,,,,,,,,,,,,,,,,
2016-01-01,81,2537,,,,,,,,,,,,,,,,,
2016-01-02,47,2002,,,,,,,,,,,,,,,,,
2016-01-03,46,1757,,,,,,,,,,,,,,,,,
2016-01-04,58,2161,,,,,,,,,,,,,,,,,
2016-01-05,41,1805,,,,,,,,,,,,,,,,,
2016-01-06,13,1821,,,,,,,,,,,,,,,,,
2016-01-07,25,1978,,,,,,,,,,,,,,,,,
2016-01-08,30,1976,,,,,,,,,,,,,,,,,
2016-01-09,19,1734,,,,,,,,,,,,,,,,,
2016-01-10,19,1639,,,,,,,,,,,,,,,,,
2016-01-11,48,2766,,,,,,,,,,,,,,,,,
2016-01-12,39,2152,,,,,,,,,,,,,,,,,
2016-01-13,20,2003,,,,,,,,,,,,,,,,,
2016-01-14,36,2216,,,,,,,,,,,,,,,,,
2016-01-15,20,2358,,,,,,,,,,,,,,,,,
2016-01-16,25,1584,,,,,,,,,,,,,,,,,
2016-01-17,20,1614,,,,,,,,,,,,,,,,,
2016-01-18,39,2648,,,,,,,,,,,,,,,,,
2016-01-19,22,2095,,,,,,,,,,,,,,,,,
2016-01-20,33,2093,,,,,,,,,,,,,,,,,
2016-01-21,36,2243,,,,,,,,,,,,,,,,,
2016-01-22,44,2286,,,,,,,,,,,,,,,,,
2016-01-23,28,1605,,,,,,,,,,,,,,,,,
2016-01-24,35,1460,,,,,,,,,,,,,,,,,
2016-01-25,34,2434,,,,,,,,,,,,,,,,,
2016-01-26,30,1908,,,,,,,,,,,,,,,,,
2016-01-27,37,1818,,,,,,,,,,,,,,,,,
2016-01-28,36,1799,,,,,,,,,,,,,,,,,
2016-01-29,26,1961,,,,,,,,,,,,,,,,,
2016-01-30,20,1679,,,,,,,,,,,,,,,,,
2016-01-31,25,1973,,,,,,,,,,,,,,,,,
2016-02-01,51,2800,,,,,,,,,,,,,,,,,
2016-02-02,38,2255,,,,,,,,,,,,,,,,,
2016-02-03,25,2173,,,,,,,,,,,,,,,,,
2016-02-04,34,2237,,,,,,,,,,,,,,,,,
2016-02-05,34,2365,,,,,,,,,,,,,,,,,
2016-02-06,20,1690,,,,,,,,,,,,,,,,,
2016-02-07,19,1696,,,,,,,,,,,,,,,,,
2016-02-08,51,2866,,,,,,,,,,,,,,,,,
2016-02-09,41,2256,,,,,,,,,,,,,,,,,
2016-02-10,37,2262,,,,,,,,,,,,,,,,,
2016-02-11,34,2171,,,,,,,,,,,,,,,,,
2016-02-12,21,2170,,,,,,,,,,,,,,,,,
2016-02-13,25,1678,,,,,,,,,,,,,,,,,
2016-02-14,30,1785,,,,,,,,,,,,,,,,,
2016-02-15,56,2934,,,,,,,,,,,,,,,,,
2016-02-16,43,2299,,,,,,,,,,,,,,,,,
2016-02-17,25,2327,,,,,,,,,,,,,,,,,
2016-02-18,25,2142,,,,,,,,,,,,,,,,,
2016-02-19,30,2246,,,,,,,,,,,,,,,,,
2016-02-20,25,1544,,,,,,,,,,,,,,,,,
2016-02-21,24,1770,,,,,,,,,,,,,,,,,
2016-02-22,19,1668,,,,,,,,,,,,,,,,,
2016-02-23,30,2725,,,,,,,,,,,,,,,,,
2016-02-24,32,1899,,,,,,,,,,,,,,,,,
2016-02-25,26,2227,,,,,,,,,,,,,,,,,
2016-02-26,34,2247,,,,,,,,,,,,,,,,,
2016-02-27,19,1713,,,,,,,,,,,,,,,,,
2016-02-28,24,1963,,,,,,,,,,,,,,,,,
2016-02-29,51,3057,,,,,,,,,,,,,,,,,
2016-03-01,30,2203,,,,,,,,,,,,,,,,,
2016-03-02,24,2255,,,,,,,,,,,,,,,,,
2016-03-03,34,2291,,,,,,,,,,,,,,,,,
2016-03-04,35,2274,,,,,,,,,,,,,,,,,
2016-03-05,23,1686,,,,,,,,,,,,,,,,,
2016-03-06,27,1602,,,,,,,,,,,,,,,,,
2016-03-07,46,2844,,,,,,,,,,,,,,,,,
2016-03-08,36,2252,,,,,,,,,,,,,,,,,
2016-03-09,34,2117,,,,,,,,,,,,,,,,,
2016-03-10,25,2197,,,,,,,,,,,,,,,,,
2016-03-11,28,2126,,,,,,,,,,,,,,,,,
2016-03-12,14,1522,,,,,,,,,,,,,,,,,
2016-03-13,22,1786,,,,,,,,,,,,,,,,,
2016-03-14,47,2963,,,,,,,,,,,,,,,,,
2016-03-15,37,2158,,,,,,,,,,,,,,,,,
2016-03-16,20,1992,,,,,,,,,,,,,,,,,
2016-03-17,34,2205,,,,,,,,,,,,,,,,,
2016-03-18,29,2200,,,,,,,,,,,,,,,,,
2016-03-19,17,1573,,,,,,,,,,,,,,,,,
2016-03-20,23,1669,,,,,,,,,,,,,,,,,
2016-03-21,34,2910,,,,,,,,,,,,,,,,,
2016-03-22,38,2039,,,,,,,,,,,,,,,,,
2016-03-23,44,2081,,,,,,,,,,,,,,,,,
2016-03-24,23,2156,,,,,,,,,,,,,,,,,
2016-03-25,40,1977,,,,,,,,,,,,,,,,,
2016-03-26,21,1581,,,,,,,,,,,,,,,,,
2016-03-27,20,1677,,,,,,,,,,,,,,,,,
2016-03-28,39,2503,,,,,,,,,,,,,,,,,
2016-03-29,30,1891,,,,,,,,,,,,,,,,,
2016-03-30,24,1950,,,,,,,,,,,,,,,,,
2016-03-31,28,2091,,,,,,,,,,,,,,,,,
2016-04-01,28,2035,,,,,,,,,,,,,,,,,
2016-04-02,16,1538,,,,,,,,,,,,,,,,,
2016-04-03,24,1610,,,,,,,,,,,,,,,,,
2016-04-04,44,2495,,,,,,,,,,,,,,,,,
2016-04-05,42,2314,,,,,,,,,,,,,,,,,
2016-04-06,15,1384,,,,,,,,,,,,,,,,,
2016-04-07,32,2244,,,,,,,,,,,,,,,,,
2016-04-08,35,1988,,,,,,,,,,,,,,,,,
2016-04-09,16,1577,,,,,,,,,,,,,,,,,
2016-04-10,20,1623,,,,,,,,,,,,,,,,,
2016-04-11,57,2791,,,,,,,,,,,,,,,,,
2016-04-12,80,2692,,,,,,,,,,,,,,,,,
2016-04-13,69,2730,,,,,,,,,,,,,,,,,
2016-04-14,77,2962,,,,,,,,,,,,,,,,,
2016-04-15,67,2414,,,,,,,,,,,,,,,,,
2016-04-16,78,2184,,,,,,,,,,,,,,,,,
2016-04-17,46,1603,,,,,,,,,,,,,,,,,
2016-04-18,38,2237,,,,,,,,,,,,,,,,,
2016-04-19,25,1929,,,,,,,,,,,,,,,,,
2016-04-20,33,1890,,,,,,,,,,,,,,,,,
2016-04-21,18,1768,,,,,,,,,,,,,,,,,
2016-04-22,14,1668,,,,,,,,,,,,,,,,,
2016-04-23,16,1241,,,,,,,,,,,,,,,,,
2016-04-24,10,1380,,,,,,,,,,,,,,,,,
2016-04-25,26,2312,,,,,,,,,,,,,,,,,
2016-04-26,35,1882,,,,,,,,,,,,,,,,,
2016-04-27,41,1815,,,,,,,,,,,,,,,,,
2016-04-28,34,1949,,,,,,,,,,,,,,,,,
2016-04-29,21,1958,,,,,,,,,,,,,,,,,
2016-04-30,17,1573,,,,,,,,,,,,,,,,,
2016-05-01,17,1457,,,,,,,,,,,,,,,,,
2016-05-02,8,1938,,,,,,,,,,,,,,,,,
2016-05-03,41,2083,,,,,,,,,,,,,,,,,
2016-05-04,31,1965,,,,,,,,,,,,,,,,,
2016-05-05,16,1413,,,,,,,,,,,,,,,,,
2016-05-06,15,1606,,,,,,,,,,,,,,,,,
2016-05-07,13,1702,,,,,,,,,,,,,,,,,
2016-05-08,20,1392,,,,,,,,,,,,,,,,,
2016-05-09,34,1829,,,,,,,,,,,,,,,,,
2016-05-10,38,2208,,,,,,,,,,,,,,,,,
2016-05-11,28,2052,,,,,,,,,,,,,,,,,
2016-05-12,19,1895,,,,,,,,,,,,,,,,,
2016-05-13,18,2027,,,,,,,,,,,,,,,,,
2016-05-14,20,1417,,,,,,,,,,,,,,,,,
2016-05-15,13,1632,,,,,,,,,,,,,,,,,
2016-05-16,42,2469,,,,,,,,,,,,,,,,,
2016-05-17,36,2271,,,,,,,,,,,,,,,,,
2016-05-18,30,1984,,,,,,,,,,,,,,,,,
2016-05-19,21,2030,,,,,,,,,,,,,,,,,
2016-05-20,10,1358,,,,,,,,,,,,,,,,,
2016-05-21,19,1412,,,,,,,,,,,,,,,,,
2016-05-22,10,1321,,,,,,,,,,,,,,,,,
2016-05-23,41,2472,,,,,,,,,,,,,,,,,
2016-05-24,20,2003,,,,,,,,,,,,,,,,,
2016-05-25,23,1759,,,,,,,,,,,,,,,,,
2016-05-26,29,1891,,,,,,,,,,,,,,,,,
2016-05-27,29,2021,,,,,,,,,,,,,,,,,
2016-05-28,17,1663,,,,,,,,,,,,,,,,,
2016-05-29,13,1453,,,,,,,,,,,,,,,,,
2016-05-30,31,2669,,,,,,,,,,,,,,,,,
2016-05-31,29,2236,,,,,,,,,,,,,,,,,
2016-06-01,20,2134,,,,,,,,,,,,,,,,,
2016-06-02,35,2264,,,,,,,,,,,,,,,,,
2016-06-03,25,2129,,,,,,,,,,,,,,,,,
2016-06-04,18,1698,,,,,,,,,,,,,,,,,
2016-06-05,22,1725,,,,,,,,,,,,,,,,,
2016-06-06,33,2712,,,,,,,,,,,,,,,,,
2016-06-07,27,2201,,,,,,,,,,,,,,,,,
2016-06-08,20,2197,,,,,,,,,,,,,,,,,
2016-06-09,21,2131,,,,,,,,,,,,,,,,,
2016-06-10,29,2155,,,,,,,,,,,,,,,,,
2016-06-11,23,1591,,,,,,,,,,,,,,,,,
2016-06-12,13,1752,,,,,,,,,,,,,,,,,
2016-06-13,28,2602,,,,,,,,,,,,,,,,,
2016-06-14,20,2180,,,,,,,,,,,,,,,,,
2016-06-15,20,2014,,,,,,,,,,,,,,,,,
2016-06-16,24,2084,,,,,,,,,,,,,,,,,
2016-06-17,26,2151,,,,,,,,,,,,,,,,,
2016-06-18,12,1529,,,,,,,,,,,,,,,,,
2016-06-19,13,1640,,,,,,,,,,,,,,,,,
2016-06-20,45,2707,,,,,,,,,,,,,,,,,
2016-06-21,24,2054,,,,,,,,,,,,,,,,,
2016-06-22,27,2005,,,,,,,,,,,,,,,,,
2016-06-23,25,1865,,,,,,,,,,,,,,,,,
2016-06-24,28,2018,,,,,,,,,,,,,,,,,
2016-06-25,15,1426,,,,,,,,,,,,,,,,,
2016-06-26,15,1575,,,,,,,,,,,,,,,,,
2016-06-27,27,2577,,,,,,,,,,,,,,,,,
2016-06-28,21,2054,,,,,,,,,,,,,,,,,
2016-06-29,27,2060,,,,,,,,,,,,,,,,,
2016-06-30,21,2053,,,,,,,,,,,,,,,,,
2016-07-01,14,1882,,,,,,,,,,,,,,,,,
2016-07-02,19,1802,,,,,,,,,,,,,,,,,
2016-07-03,12,1667,,,,,,,,,,,,,,,,,
2016-07-04,43,2754,,,,,,,,,,,,,,,,,
2016-07-05,29,2172,,,,,,,,,,,,,,,,,
2016-07-06,22,2148,,,,,,,,,,,,,,,,,
2016-07-07,21,2042,,,,,,,,,,,,,,,,,
2016-07-08,27,2098,,,,,,,,,,,,,,,,,
2016-07-09,19,1627,,,,,,,,,,,,,,,,,
2016-07-10,12,1780,,,,,,,,,,,,,,,,,
2016-07-11,37,2628,,,,,,,,,,,,,,,,,
2016-07-12,15,2316,,,,,,,,,,,,,,,,,
2016-07-13,21,2032,,,,,,,,,,,,,,,,,
2016-07-14,27,2129,,,,,,,,,,,,,,,,,
2016-07-15,37,2251,,,,,,,,,,,,,,,,,
2016-07-16,17,1679,,,,,,,,,,,,,,,,,
2016-07-17,29,1867,,,,,,,,,,,,,,,,,
2016-07-18,23,1825,,,,,,,,,,,,,,,,,
2016-07-19,26,1856,,,,,,,,,,,,,,,,,
2016-07-20,32,1720,,,,,,,,,,,,,,,,,
2016-07-21,25,2441,,,,,,,,,,,,,,,,,
2016-07-22,17,1928,,,,,,,,,,,,,,,,,
2016-07-23,22,1376,,,,,,,,,,,,,,,,,
2016-07-24,10,1460,,,,,,,,,,,,,,,,,
2016-07-25,37,2427,,,,,,,,,,,,,,,,,
2016-07-26,21,2189,,,,,,,,,,,,,,,,,
2016-07-27,25,1992,,,,,,,,,,,,,,,,,
2016-07-28,22,2016,,,,,,,,,,,,,,,,,
2016-07-29,26,2175,,,,,,,,,,,,,,,,,
2016-07-30,17,1750,,,,,,,,,,,,,,,,,
2016-07-31,17,1929,,,,,,,,,,,,,,,,,
2016-08-01,37,2603,,,,,,,,,,,,,,,,,
2016-08-02,23,2207,,,,,,,,,,,,,,,,,
2016-08-03,16,2190,,,,,,,,,,,,,,,,,
2016-08-04,26,2184,,,,,,,,,,,,,,,,,
2016-08-05,17,2106,,,,,,,,,,,,,,,,,
2016-08-06,18,1658,,,,,,,,,,,,,,,,,
2016-08-07,18,1867,,,,,,,,,,,,,,,,,
2016-08-08,30,2787,,,,,,,,,,,,,,,,,
2016-08-09,21,2250,,,,,,,,,,,,,,,,,
2016-08-10,13,2010,,,,,,,,,,,,,,,,,
2016-08-11,14,2075,,,,,,,,,,,,,,,,,
2016-08-12,8,1613,,,,,,,,,,,,,,,,,
2016-08-13,14,1667,,,,,,,,,,,,,,,,,
2016-08-14,13,1618,,,,,,,,,,,,,,,,,
2016-08-15,27,2606,,,,,,,,,,,,,,,,,
2016-08-16,25,1991,,,,,,,,,,,,,,,,,
2016-08-17,20,1994,,,,,,,,,,,,,,,,,
2016-08-18,28,2124,,,,,,,,,,,,,,,,,
2016-08-19,27,2161,,,,,,,,,,,,,,,,,
2016-08-20,6,1421,,,,,,,,,,,,,,,,,
2016-08-21,5,1848,,,,,,,,,,,,,,,,,
2016-08-22,40,3085,,,,,,,,,,,,,,,,,
2016-08-23,28,2169,,,,,,,,,,,,,,,,,
2016-08-24,25,2018,,,,,,,,,,,,,,,,,
2016-08-25,19,2101,,,,,,,,,,,,,,,,,
2016-08-26,20,2009,,,,,,,,,,,,,,,,,
2016-08-27,13,1598,,,,,,,,,,,,,,,,,
2016-08-28,17,1493,,,,,,,,,,,,,,,,,
2016-08-29,30,2497,,,,,,,,,,,,,,,,,
2016-08-30,18,1826,,,,,,,,,,,,,,,,,
2016-08-31,18,1864,,,,,,,,,,,,,,,,,
2016-09-01,12,2102,,,,,,,,,,,,,,,,,
2016-09-02,30,2967,,,,,,,,,,,,,,,,,
2016-09-03,9,1556,,,,,,,,,,,,,,,,,
2016-09-04,18,2536,,,,,,,,,,,,,,,,,
2016-09-05,41,2882,,,,,,,,,,,,,,,,,
2016-09-06,14,2255,,,,,,,,,,,,,,,,,
2016-09-07,21,2374,,,,,,,,,,,,,,,,,
2016-09-08,26,2567,,,,,,,,,,,,,,,,,
2016-09-09,31,2613,,,,,,,,,,,,,,,,,
2016-09-10,12,2297,,,,,,,,,,,,,,,,,
2016-09-11,18,2379,,,,,,,,,,,,,,,,,
2016-09-12,39,3125,,,,,,,,,,,,,,,,,
2016-09-13,20,2589,,,,,,,,,,,,,,,,,
2016-09-14,26,2401,,,,,,,,,,,,,,,,,
2016-09-15,16,2624,,,,,,,,,,,,,,,,,
2016-09-16,16,2860,,,,,,,,,,,,,,,,,
2016-09-17,16,2412,,,,,,,,,,,,,,,,,
2016-09-18,10,2466,,,,,,,,,,,,,,,,,
2016-09-19,32,3212,,,,,,,,,,,,,,,,,
2016-09-20,19,2526,,,,,,,,,,,,,,,,,
2016-09-21,25,2442,,,,,,,,,,,,,,,,,
2016-09-22,14,2512,,,,,,,,,,,,,,,,,
2016-09-23,15,2443,,,,,,,,,,,,,,,,,
2016-09-24,10,1965,,,,,,,,,,,,,,,,,
2016-09-25,20,2091,,,,,,,,,,,,,,,,,
2016-09-26,30,2971,,,,,,,,,,,,,,,,,
2016-09-27,31,2427,,,,,,,,,,,,,,,,,
2016-09-28,23,2543,,,,,,,,,,,,,,,,,
2016-09-29,21,2602,,,,,,,,,,,,,,,,,
2016-09-30,28,2991,,,,,,,,,,,,,,,,,
2016-10-01,9,2510,,,,,,,,,,,,,,,,,
2016-10-02,20,2296,,,,,,,,,,,,,,,,,
2016-10-03,32,3317,,,,,,,,,,,,,,,,,
2016-10-04,30,2742,,,,,,,,,,,,,,,,,
2016-10-05,22,2432,,,,,,,,,,,,,,,,,
2016-10-06,24,2795,,,,,,,,,,,,,,,,,
2016-10-07,22,2567,,,,,,,,,,,,,,,,,
2016-10-08,11,2049,,,,,,,,,,,,,,,,,
2016-10-09,9,2031,,,,,,,,,,,,,,,,,
2016-10-10,39,3034,,,,,,,,,,,,,,,,,
2016-10-11,28,2627,,,,,,,,,,,,,,,,,
2016-10-12,27,2520,,,,,,,,,,,,,,,,,
2016-10-13,28,2338,,,,,,,,,,,,,,,,,
2016-10-14,16,2392,,,,,,,,,,,,,,,,,
2016-10-15,8,1988,,,,,,,,,,,,,,,,,
2016-10-16,8,2137,,,,,,,,,,,,,,,,,
2016-10-17,35,3119,,,,,,,,,,,,,,,,,
2016-10-18,35,2459,,,,,,,,,,,,,,,,,
2016-10-19,21,2576,,,,,,,,,,,,,,,,,
2016-10-20,24,2664,,,,,,,,,,,,,,,,,
2016-10-21,28,2537,,,,,,,,,,,,,,,,,
2016-10-22,13,2141,,,,,,,,,,,,,,,,,
2016-10-23,19,2252,,,,,,,,,,,,,,,,,
2016-10-24,13,2265,,,,,,,,,,,,,,,,,
2016-10-25,24,2730,,,,,,,,,,,,,,,,,
2016-10-26,24,2532,,,,,,,,,,,,,,,,,
2016-10-27,18,2616,,,,,,,,,,,,,,,,,
2016-10-28,25,2682,,,,,,,,,,,,,,,,,
2016-10-29,10,2258,,,,,,,,,,,,,,,,,
2016-10-30,16,2196,,,,,,,,,,,,,,,,,
2016-10-31,53,3462,,,,,,,,,,,,,,,,,
2016-11-01,31,2931,,,,,,,,,,,,,,,,,
2016-11-02,34,2960,,,,,,,,,,,,,,,,,
2016-11-03,27,2933,,,,,,,,,,,,,,,,,
2016-11-04,21,3010,,,,,,,,,,,,,,,,,
2016-11-05,14,2460,,,,,,,,,,,,,,,,,
2016-11-06,13,2547,,,,,,,,,,,,,,,,,
2016-11-07,31,3398,,,,,,,,,,,,,,,,,
2016-11-08,26,2999,,,,,,,,,,,,,,,,,
2016-11-09,19,2822,,,,,,,,,,,,,,,,,
2016-11-10,23,2753,,,,,,,,,,,,,,,,,
2016-11-11,24,2817,,,,,,,,,,,,,,,,,
2016-11-12,16,2582,,,,,,,,,,,,,,,,,
2016-11-13,15,2526,,,,,,,,,,,,,,,,,
2016-11-14,38,3679,,,,,,,,,,,,,,,,,
2016-11-15,33,3711,,,,,,,,,,,,,,,,,
2016-11-16,31,2257,,,,,,,,,,,,,,,,,
2016-11-17,32,2297,,,,,,,,,,,,,,,,,
2016-11-18,23,2371,,,,,,,,,,,,,,,,,
2016-11-19,11,1781,,,,,,,,,,,,,,,,,
2016-11-20,24,1795,,,,,,,,,,,,,,,,,
2016-11-21,30,5279,,,,,,,,,,,,,,,,,
2016-11-22,35,2889,,,,,,,,,,,,,,,,,
2016-11-23,35,3043,,,,,,,,,,,,,,,,,
2016-11-24,16,2831,,,,,,,,,,,,,,,,,
2016-11-25,24,3073,,,,,,,,,,,,,,,,,
2016-11-26,23,2668,,,,,,,,,,,,,,,,,
2016-11-27,27,2770,,,,,,,,,,,,,,,,,
2016-11-28,57,3489,,,,,,,,,,,,,,,,,
2016-11-29,22,2864,,,,,,,,,,,,,,,,,
2016-11-30,31,2926,,,,,,,,,,,,,,,,,
2016-12-01,19,3222,,,,,,,,,,,,,,,,,
2016-12-02,24,3226,,,,,,,,,,,,,,,,,
2016-12-03,9,2560,,,,,,,,,,,,,,,,,
2016-12-04,18,2693,,,,,,,,,,,,,,,,,
2016-12-05,22,2631,,,,,,,,,,,,,,,,,
2016-12-06,48,3187,,,,,,,,,,,,,,,,,
2016-12-07,30,2976,,,,,,,,,,,,,,,,,
2016-12-08,20,2711,,,,,,,,,,,,,,,,,
2016-12-09,23,3055,,,,,,,,,,,,,,,,,
2016-12-10,19,2626,,,,,,,,,,,,,,,,,
2016-12-11,11,2717,,,,,,,,,,,,,,,,,
2016-12-12,20,2511,,,,,,,,,,,,,,,,,
2016-12-13,44,3316,,,,,,,,,,,,,,,,,
2016-12-14,33,3067,,,,,,,,,,,,,,,,,
2016-12-15,27,2908,,,,,,,,,,,,,,,,,
2016-12-16,30,3046,,,,,,,,,,,,,,,,,
2016-12-17,19,2453,,,,,,,,,,,,,,,,,
2016-12-18,5,2691,,,,,,,,,,,,,,,,,
2016-12-19,48,3374,,,,,,,,,,,,,,,,,
2016-12-20,30,2855,,,,,,,,,,,,,,,,,
2016-12-21,25,2901,,,,,,,,,,,,,,,,,
2016-12-22,22,2925,,,,,,,,,,,,,,,,,
2016-12-23,21,2985,,,,,,,,,,,,,,,,,
2016-12-24,22,2639,,,,,,,,,,,,,,,,,
2016-12-25,19,2918,,,,,,,,,,,,,,,,,
2016-12-26,41,3585,,,,,,,,,,,,,,,,,
2016-12-27,46,3150,,,,,,,,,,,,,,,,,
2016-12-28,36,3428,,,,,,,,,,,,,,,,,
2016-12-29,57,3624,,,,,,,,,,,,,,,,,
2016-12-30,85,4207,,,,,,,,,,,,,,,,,
2016-12-31,77,3819,,,,,,,,,,,,,,,,,
2017-01-01,115,4569,,,,,,,,,,,,,,,,,
2017-01-02,69,2951,,,,,,,,,,,,,,,,,
2017-01-03,91,2501,,,,,,,,,,,,,,,,,
2017-01-04,81,2758,,,,,,,,,,,,,,,,,
2017-01-05,41,2627,,,,,,,,,,,,,,,,,
2017-01-06,22,2512,,,,,,,,,,,,,,,,,
2017-01-07,16,1942,,,,,,,,,,,,,,,,,
2017-01-08,27,2187,,,,,,,,,,,,,,,,,
2017-01-09,41,2985,,,,,,,,,,,,,,,,,
2017-01-10,31,2636,,,,,,,,,,,,,,,,,
2017-01-11,47,2622,,,,,,,,,,,,,,,,,
2017-01-12,31,2469,,,,,,,,,,,,,,,,,
2017-01-13,44,2676,,,,,,,,,,,,,,,,,
2017-01-14,16,2439,,,,,,,,,,,,,,,,,
2017-01-15,20,2526,,,,,,,,,,,,,,,,,
2017-01-16,62,3057,,,,,,,,,,,,,,,,,
2017-01-17,42,2671,,,,,,,,,,,,,,,,,
2017-01-18,55,2590,,,,,,,,,,,,,,,,,
2017-01-19,31,2636,,,,,,,,,,,,,,,,,
2017-01-20,43,2618,,,,,,,,,,,,,,,,,
2017-01-21,15,2343,,,,,,,,,,,,,,,,,
2017-01-22,25,2558,,,,,,,,,,,,,,,,,
2017-01-23,50,3633,,,,,,,,,,,,,,,,,
2017-01-24,62,2745,,,,,,,,,,,,,,,,,
2017-01-25,37,2747,,,,,,,,,,,,,,,,,
2017-01-26,29,2806,,,,,,,,,,,,,,,,,
2017-01-27,34,2887,,,,,,,,,,,,,,,,,
2017-01-28,22,2682,,,,,,,,,,,,,,,,,
2017-01-29,33,2627,,,,,,,,,,,,,,,,,
2017-01-30,59,3472,,,,,,,,,,,,,,,,,
2017-01-31,47,2511,,,,,,,,,,,,,,,,,
2017-02-01,51,3174,,,,,,,,,,,,,,,,,
2017-02-02,55,3160,,,,,,,,,,,,,,,,,
2017-02-03,54,3109,,,,,,,,,,,,,,,,,
2017-02-04,22,2567,,,,,,,,,,,,,,,,,
2017-02-05,35,2860,,,,,,,,,,,,,,,,,
2017-02-06,66,3658,,,,,,,,,,,,,,,,,
2017-02-07,40,3048,,,,,,,,,,,,,,,,,
2017-02-08,38,2959,,,,,,,,,,,,,,,,,
2017-02-09,54,2990,,,,,,,,,,,,,,,,,
2017-02-10,51,2947,,,,,,,,,,,,,,,,,
2017-02-11,27,2762,,,,,,,,,,,,,,,,,
2017-02-12,17,2401,,,,,,,,,,,,,,,,,
2017-02-13,22,2637,,,,,,,,,,,,,,,,,
2017-02-14,46,3333,,,,,,,,,,,,,,,,,
2017-02-15,56,2971,,,,,,,,,,,,,,,,,
2017-02-16,53,2878,,,,,,,,,,,,,,,,,
2017-02-17,65,3099,,,,,,,,,,,,,,,,,
2017-02-18,27,2590,,,,,,,,,,,,,,,,,
2017-02-19,39,2804,,,,,,,,,,,,,,,,,
2017-02-20,66,3709,,,,,,,,,,,,,,,,,
2017-02-21,48,2972,,,,,,,,,,,,,,,,,
2017-02-22,48,2844,,,,,,,,,,,,,,,,,
2017-02-23,32,2871,,,,,,,,,,,,,,,,,
2017-02-24,48,2934,,,,,,,,,,,,,,,,,
2017-02-25,25,2686,,,,,,,,,,,,,,,,,
2017-02-26,19,2704,,,,,,,,,,,,,,,,,
2017-02-27,64,3517,,,,,,,,,,,,,,,,,
2017-02-28,45,3117,,,,,,,,,,,,,,,,,
2017-03-01,57,3203,,,,,,,,,,,,,,,,,
2017-03-02,41,3294,,,,,,,,,,,,,,,,,
2017-03-03,41,3404,,,,,,,,,,,,,,,,,
2017-03-04,29,2888,,,,,,,,,,,,,,,,,
2017-03-05,27,2620,,,,,,,,,,,,,,,,,
2017-03-06,31,3381,,,,,,,,,,,,,,,,,
2017-03-07,66,3186,,,,,,,,,,,,,,,,,
2017-03-08,56,3045,,,,,,,,,,,,,,,,,
2017-03-09,51,3314,,,,,,,,,,,,,,,,,
2017-03-10,53,3225,,,,,,,,,,,,,,,,,
2017-03-11,30,2593,,,,,,,,,,,,,,,,,
2017-03-12,26,2648,,,,,,,,,,,,,,,,,
2017-03-13,56,3503,,,,,,,,,,,,,,,,,
2017-03-14,55,3019,,,,,,,,,,,,,,,,,
2017-03-15,56,2973,,,,,,,,,,,,,,,,,
2017-03-16,44,2928,,,,,,,,,,,,,,,,,
2017-03-17,56,2729,,,,,,,,,,,,,,,,,
2017-03-18,18,2885,,,,,,,,,,,,,,,,,
2017-03-19,14,2600,,,,,,,,,,,,,,,,,
2017-03-20,45,3294,,,,,,,,,,,,,,,,,
2017-03-21,46,2738,,,,,,,,,,,,,,,,,
2017-03-22,32,2680,,,,,,,,,,,,,,,,,
2017-03-23,43,2655,,,,,,,,,,,,,,,,,
2017-03-24,54,2575,,,,,,,,,,,,,,,,,
2017-03-25,12,1470,,,,,,,,,,,,,,,,,
2017-03-26,24,3328,,,,,,,,,,,,,,,,,
2017-03-27,62,3281,,,,,,,,,,,,,,,,,
2017-03-28,44,2712,,,,,,,,,,,,,,,,,
2017-03-29,45,2591,,,,,,,,,,,,,,,,,
2017-03-30,39,2539,,,,,,,,,,,,,,,,,
2017-03-31,50,2788,,,,,,,,,,,,,,,,,
2017-04-01,25,2171,,,,,,,,,,,,,,,,,
2017-04-02,24,2535,,,,,,,,,,,,,,,,,
2017-04-03,53,3132,,,,,,,,,,,,,,,,,
2017-04-04,48,2757,,,,,,,,,,,,,,,,,
2017-04-05,42,2738,,,,,,,,,,,,,,,,,
2017-04-06,25,1959,,,,,,,,,,,,,,,,,
2017-04-07,53,2501,,,,,,,,,,,,,,,,,
2017-04-08,18,2039,,,,,,,,,,,,,,,,,
2017-04-09,28,2128,,,,,,,,,,,,,,,,,
2017-04-10,89,3158,,,,,,,,,,,,,,,,,
2017-04-11,71,3036,,,,,,,,,,,,,,,,,
2017-04-12,71,3632,,,,,,,,,,,,,,,,,
2017-04-13,76,4103,,,,,,,,,,,,,,,,,
2017-04-14,94,4104,,,,,,,,,,,,,,,,,
2017-04-15,76,3440,,,,,,,,,,,,,,,,,
2017-04-16,66,2974,,,,,,,,,,,,,,,,,
2017-04-17,70,2647,,,,,,,,,,,,,,,,,
2017-04-18,54,2689,,,,,,,,,,,,,,,,,
2017-04-19,39,2470,,,,,,,,,,,,,,,,,
2017-04-20,41,2291,,,,,,,,,,,,,,,,,
2017-04-21,34,2300,,,,,,,,,,,,,,,,,
2017-04-22,17,1921,,,,,,,,,,,,,,,,,
2017-04-23,14,2037,,,,,,,,,,,,,,,,,
2017-04-24,43,2865,,,,,,,,,,,,,,,,,
2017-04-25,47,2454,,,,,,,,,,,,,,,,,
2017-04-26,43,2367,,,,,,,,,,,,,,,,,
2017-04-27,44,2350,,,,,,,,,,,,,,,,,
2017-04-28,43,2457,,,,,,,,,,,,,,,,,
2017-04-29,28,2045,,,,,,,,,,,,,,,,,
2017-04-30,26,2245,,,,,,,,,,,,,,,,,
2017-05-01,20,2711,,,,,,,,,,,,,,,,,
2017-05-02,74,2779,,,,,,,,,,,,,,,,,
2017-05-03,50,2535,,,,,,,,,,,,,,,,,
2017-05-04,39,2651,,,,,,,,,,,,,,,,,
2017-05-05,47,2886,,,,,,,,,,,,,,,,,
2017-05-06,17,2260,,,,,,,,,,,,,,,,,
2017-05-07,25,2298,,,,,,,,,,,,,,,,,
2017-05-08,78,3166,,,,,,,,,,,,,,,,,
2017-05-09,47,2643,,,,,,,,,,,,,,,,,
2017-05-10,15,1991,,,,,,,,,,,,,,,,,
2017-05-11,54,2938,,,,,,,,,,,,,,,,,
2017-05-12,32,2204,,,,,,,,,,,,,,,,,
2017-05-13,17,2044,,,,,,,,,,,,,,,,,
2017-05-14,27,2182,,,,,,,,,,,,,,,,,
2017-05-15,46,2787,,,,,,,,,,,,,,,,,
2017-05-16,40,2496,,,,,,,,,,,,,,,,,
2017-05-17,32,2337,,,,,,,,,,,,,,,,,
2017-05-18,40,2227,,,,,,,,,,,,,,,,,
2017-05-19,45,2447,,,,,,,,,,,,,,,,,
2017-05-20,20,2313,,,,,,,,,,,,,,,,,
2017-05-21,17,2389,,,,,,,,,,,,,,,,,
2017-05-22,50,3167,,,,,,,,,,,,,,,,,
2017-05-23,44,2569,,,,,,,,,,,,,,,,,
2017-05-24,68,2593,,,,,,,,,,,,,,,,,
2017-05-25,20,2334,,,,,,,,,,,,,,,,,
2017-05-26,31,2450,,,,,,,,,,,,,,,,,
2017-05-27,23,2132,,,,,,,,,,,,,,,,,
2017-05-28,33,2171,,,,,,,,,,,,,,,,,
2017-05-29,88,3012,,,,,,,,,,,,,,,,,
2017-05-30,54,2504,,,,,,,,,,,,,,,,,
2017-05-31,40,2395,,,,,,,,,,,,,,,,,
2017-06-01,20,2691,,,,,,,,,,,,,,,,,
2017-06-02,52,2748,,,,,,,,,,,,,,,,,
2017-06-03,21,2645,,,,,,,,,,,,,,,,,
2017-06-04,31,2615,,,,,,,,,,,,,,,,,
2017-06-05,54,3429,,,,,,,,,,,,,,,,,
2017-06-06,57,2760,,,,,,,,,,,,,,,,,
2017-06-07,48,2747,,,,,,,,,,,,,,,,,
2017-06-08,43,2840,,,,,,,,,,,,,,,,,
2017-06-09,41,2678,,,,,,,,,,,,,,,,,
2017-06-10,21,2140,,,,,,,,,,,,,,,,,
2017-06-11,25,2427,,,,,,,,,,,,,,,,,
2017-06-12,70,3015,,,,,,,,,,,,,,,,,
2017-06-13,42,2728,,,,,,,,,,,,,,,,,
2017-06-14,60,2692,,,,,,,,,,,,,,,,,
2017-06-15,32,2497,,,,,,,,,,,,,,,,,
2017-06-16,27,2660,,,,,,,,,,,,,,,,,
2017-06-17,18,2436,,,,,,,,,,,,,,,,,
2017-06-18,38,2586,,,,,,,,,,,,,,,,,
2017-06-19,66,3303,,,,,,,,,,,,,,,,,
2017-06-20,50,2978,,,,,,,,,,,,,,,,,
2017-06-21,63,2883,,,,,,,,,,,,,,,,,
2017-06-22,35,2696,,,,,,,,,,,,,,,,,
2017-06-23,48,2860,,,,,,,,,,,,,,,,,
2017-06-24,28,2471,,,,,,,,,,,,,,,,,
2017-06-25,19,2708,,,,,,,,,,,,,,,,,
2017-06-26,75,3357,,,,,,,,,,,,,,,,,
2017-06-27,53,2815,,,,,,,,,,,,,,,,,
2017-06-28,29,2657,,,,,,,,,,,,,,,,,
2017-06-29,48,2703,,,,,,,,,,,,,,,,,
2017-06-30,47,2706,,,,,,,,,,,,,,,,,
2017-07-01,13,2479,,,,,,,,,,,,,,,,,
2017-07-02,33,2866,,,,,,,,,,,,,,,,,
2017-07-03,49,3406,,,,,,,,,,,,,,,,,
2017-07-04,48,2491,,,,,,,,,,,,,,,,,
2017-07-05,46,3044,,,,,,,,,,,,,,,,,
2017-07-06,34,2787,,,,,,,,,,,,,,,,,
2017-07-07,40,3149,,,,,,,,,,,,,,,,,
2017-07-08,19,2401,,,,,,,,,,,,,,,,,
2017-07-09,19,2072,,,,,,,,,,,,,,,,,
2017-07-10,26,2140,,,,,,,,,,,,,,,,,
2017-07-11,43,2629,,,,,,,,,,,,,,,,,
2017-07-12,47,2639,,,,,,,,,,,,,,,,,
2017-07-13,37,2478,,,,,,,,,,,,,,,,,
2017-07-14,33,2416,,,,,,,,,,,,,,,,,
2017-07-15,22,2098,,,,,,,,,,,,,,,,,
2017-07-16,14,2288,,,,,,,,,,,,,,,,,
2017-07-17,46,3049,,,,,,,,,,,,,,,,,
2017-07-18,31,2504,,,,,,,,,,,,,,,,,
2017-07-19,42,2459,,,,,,,,,,,,,,,,,
2017-07-20,31,2562,,,,,,,,,,,,,,,,,
2017-07-21,36,2626,,,,,,,,,,,,,,,,,
2017-07-22,13,2049,,,,,,,,,,,,,,,,,
2017-07-23,27,2168,,,,,,,,,,,,,,,,,
2017-07-24,60,2915,,,,,,,,,,,,,,,,,
2017-07-25,24,2555,,,,,,,,,,,,,,,,,
2017-07-26,31,2545,,,,,,,,,,,,,,,,,
2017-07-27,36,2471,,,,,,,,,,,,,,,,,
2017-07-28,26,2324,,,,,,,,,,,,,,,,,
2017-07-29,16,2086,,,,,,,,,,,,,,,,,
2017-07-30,19,2095,,,,,,,,,,,,,,,,,
2017-07-31,59,3135,,,,,,,,,,,,,,,,,
2017-08-01,54,2825,,,,,,,,,,,,,,,,,
2017-08-02,39,3020,,,,,,,,,,,,,,,,,
2017-08-03,36,2821,,,,,,,,,,,,,,,,,
2017-08-04,37,2923,,,,,,,,,,,,,,,,,
2017-08-05,27,2354,,,,,,,,,,,,,,,,,
2017-08-06,24,2476,,,,,,,,,,,,,,,,,
2017-08-07,41,3070,,,,,,,,,,,,,,,,,
2017-08-08,47,2588,,,,,,,,,,,,,,,,,
2017-08-09,25,2528,,,,,,,,,,,,,,,,,
2017-08-10,37,2626,,,,,,,,,,,,,,,,,
2017-08-11,36,2974,,,,,,,,,,,,,,,,,
2017-08-12,22,2526,,,,,,,,,,,,,,,,,
2017-08-13,28,2323,,,,,,,,,,,,,,,,,
2017-08-14,16,2360,,,,,,,,,,,,,,,,,
2017-08-15,55,3102,,,,,,,,,,,,,,,,,
2017-08-16,41,2623,,,,,,,,,,,,,,,,,
2017-08-17,42,2586,,,,,,,,,,,,,,,,,
2017-08-18,36,2758,,,,,,,,,,,,,,,,,
2017-08-19,16,2271,,,,,,,,,,,,,,,,,
2017-08-20,25,2144,,,,,,,,,,,,,,,,,
2017-08-21,49,2983,,,,,,,,,,,,,,,,,
2017-08-22,42,2570,,,,,,,,,,,,,,,,,
2017-08-23,39,2574,,,,,,,,,,,,,,,,,
2017-08-24,41,2444,,,,,,,,,,,,,,,,,
2017-08-25,35,2592,,,,,,,,,,,,,,,,,
2017-08-26,20,2170,,,,,,,,,,,,,,,,,
2017-08-27,17,2317,,,,,,,,,,,,,,,,,
2017-08-28,50,2964,,,,,,,,,,,,,,,,,
2017-08-29,57,2543,,,,,,,,,,,,,,,,,
2017-08-30,43,2329,,,,,,,,,,,,,,,,,
2017-08-31,27,2377,,,,,,,,,,,,,,,,,
2017-09-01,33,2814,,,,,,,,,,,,,,,,,
2017-09-02,25,2497,,,,,,,,,,,,,,,,,
2017-09-03,42,2853,,,,,,,,,,,,,,,,,
2017-09-04,60,3296,,,,,,,,,,,,,,,,,
2017-09-05,48,2790,,,,,,,,,,,,,,,,,
2017-09-06,56,2786,,,,,,,,,,,,,,,,,
2017-09-07,42,2859,,,,,,,,,,,,,,,,,
2017-09-08,25,2580,,,,,,,,,,,,,,,,,
2017-09-09,24,2392,,,,,,,,,,,,,,,,,
2017-09-10,29,2390,,,,,,,,,,,,,,,,,
2017-09-11,51,3189,,,,,,,,,,,,,,,,,
2017-09-12,32,2606,,,,,,,,,,,,,,,,,
2017-09-13,39,2701,,,,,,,,,,,,,,,,,
2017-09-14,48,2604,,,,,,,,,,,,,,,,,
2017-09-15,39,2583,,,,,,,,,,,,,,,,,
2017-09-16,38,2424,,,,,,,,,,,,,,,,,
2017-09-17,25,2365,,,,,,,,,,,,,,,,,
2017-09-18,43,3235,,,,,,,,,,,,,,,,,
2017-09-19,37,2839,,,,,,,,,,,,,,,,,
2017-09-20,30,2548,,,,,,,,,,,,,,,,,
2017-09-21,34,2610,,,,,,,,,,,,,,,,,
2017-09-22,38,2564,,,,,,,,,,,,,,,,,
2017-09-23,28,2175,,,,,,,,,,,,,,,,,
2017-09-24,22,2105,,,,,,,,,,,,,,,,,
2017-09-25,49,2983,,,,,,,,,,,,,,,,,
2017-09-26,30,2713,,,,,,,,,,,,,,,,,
2017-09-27,44,2643,,,,,,,,,,,,,,,,,
2017-09-28,31,2582,,,,,,,,,,,,,,,,,
2017-09-29,32,2581,,,,,,,,,,,,,,,,,
2017-09-30,34,2224,,,,,,,,,,,,,,,,,
2017-10-01,22,2552,,,,,,,,,,,,,,,,,
2017-10-02,83,3422,,,,,,,,,,,,,,,,,
2017-10-03,40,2622,,,,,,,,,,,,,,,,,
2017-10-04,46,2605,,,,,,,,,,,,,,,,,
2017-10-05,65,2817,,,,,,,,,,,,,,,,,
2017-10-06,40,2906,,,,,,,,,,,,,,,,,
2017-10-07,23,2358,,,,,,,,,,,,,,,,,
2017-10-08,20,2401,,,,,,,,,,,,,,,,,
2017-10-09,51,3213,,,,,,,,,,,,,,,,,
2017-10-10,50,2666,,,,,,,,,,,,,,,,,
2017-10-11,40,2632,,,,,,,,,,,,,,,,,
2017-10-12,45,2537,,,,,,,,,,,,,,,,,
2017-10-13,32,2090,,,,,,,,,,,,,,,,,
2017-10-14,15,2010,,,,,,,,,,,,,,,,,
2017-10-15,33,2149,,,,,,,,,,,,,,,,,
2017-10-16,36,2990,,,,,,,,,,,,,,,,,
2017-10-17,46,2587,,,,,,,,,,,,,,,,,
2017-10-18,39,2477,,,,,,,,,,,,,,,,,
2017-10-19,49,2583,,,,,,,,,,,,,,,,,
2017-10-20,37,2828,,,,,,,,,,,,,,,,,
2017-10-21,27,2347,,,,,,,,,,,,,,,,,
2017-10-22,27,2361,,,,,,,,,,,,,,,,,
2017-10-23,21,2394,,,,,,,,,,,,,,,,,
2017-10-24,57,2856,,,,,,,,,,,,,,,,,
2017-10-25,34,2764,,,,,,,,,,,,,,,,,
2017-10-26,15,1855,,,,,,,,,,,,,,,,,
2017-10-27,32,2861,,,,,,,,,,,,,,,,,
2017-10-28,11,2138,,,,,,,,,,,,,,,,,
2017-10-29,18,2291,,,,,,,,,,,,,,,,,
2017-10-30,55,3135,,,,,,,,,,,,,,,,,
2017-10-31,39,2918,,,,,,,,,,,,,,,,,
2017-11-01,49,2849,,,,,,,,,,,,,,,,,
2017-11-02,53,3018,,,,,,,,,,,,,,,,,
2017-11-03,43,3361,,,,,,,,,,,,,,,,,
2017-11-04,40,3213,,,,,,,,,,,,,,,,,
2017-11-05,30,2663,,,,,,,,,,,,,,,,,
2017-11-06,62,3522,,,,,,,,,,,,,,,,,
2017-11-07,46,2842,,,,,,,,,,,,,,,,,
2017-11-08,46,2708,,,,,,,,,,,,,,,,,
2017-11-09,51,2915,,,,,,,,,,,,,,,,,
2017-11-10,54,2987,,,,,,,,,,,,,,,,,
2017-11-11,21,2643,,,,,,,,,,,,,,,,,
2017-11-12,20,2657,,,,,,,,,,,,,,,,,
2017-11-13,61,3568,,,,,,,,,,,,,,,,,
2017-11-14,42,2957,,,,,,,,,,,,,,,,,
2017-11-15,49,2902,,,,,,,,,,,,,,,,,
2017-11-16,52,2936,,,,,,,,,,,,,,,,,
2017-11-17,48,3092,,,,,,,,,,,,,,,,,
2017-11-18,34,2636,,,,,,,,,,,,,,,,,
2017-11-19,27,2661,,,,,,,,,,,,,,,,,
2017-11-20,56,3705,,,,,,,,,,,,,,,,,
2017-11-21,56,2946,,,,,,,,,,,,,,,,,
2017-11-22,48,2994,,,,,,,,,,,,,,,,,
2017-11-23,25,1253,,,,,,,,,,,,,,,,,
2017-11-24,56,3002,,,,,,,,,,,,,,,,,
2017-11-25,23,2465,,,,,,,,,,,,,,,,,
2017-11-26,32,2489,,,,,,,,,,,,,,,,,
2017-11-27,42,2348,,,,,,,,,,,,,,,,,
2017-11-28,39,2147,,,,,,,,,,,,,,,,,
2017-11-29,51,2835,,,,,,,,,,,,,,,,,
2017-11-30,50,3070,,,,,,,,,,,,,,,,,
2017-12-01,43,2959,,,,,,,,,,,,,,,,,
2017-12-02,33,2846,,,,,,,,,,,,,,,,,
2017-12-03,57,2951,,,,,,,,,,,,,,,,,
2017-12-04,31,3610,,,,,,,,,,,,,,,,,
2017-12-05,28,2393,,,,,,,,,,,,,,,,,
2017-12-06,64,3137,,,,,,,,,,,,,,,,,
2017-12-07,47,2897,,,,,,,,,,,,,,,,,
2017-12-08,31,2988,,,,,,,,,,,,,,,,,
2017-12-09,21,2477,,,,,,,,,,,,,,,,,
2017-12-10,36,2585,,,,,,,,,,,,,,,,,
2017-12-11,30,2633,,,,,,,,,,,,,,,,,
2017-12-12,60,3226,,,,,,,,,,,,,,,,,
2017-12-13,24,2903,,,,,,,,,,,,,,,,,
2017-12-14,35,2706,,,,,,,,,,,,,,,,,
2017-12-15,46,2955,,,,,,,,,,,,,,,,,
2017-12-16,28,2719,,,,,,,,,,,,,,,,,
2017-12-17,29,2860,,,,,,,,,,,,,,,,,
2017-12-18,78,3486,,,,,,,,,,,,,,,,,
2017-12-19,21,2897,,,,,,,,,,,,,,,,,
2017-12-20,50,2848,,,,,,,,,,,,,,,,,
2017-12-21,43,2998,,,,,,,,,,,,,,,,,
2017-12-22,49,3017,,,,,,,,,,,,,,,,,
2017-12-23,43,2879,,,,,,,,,,,,,,,,,
2017-12-24,45,3114,,,,,,,,,,,,,,,,,
2017-12-25,61,3703,,,,,,,,,,,,,,,,,
2017-12-26,15,1391,,,,,,,,,,,,,,,,,
2017-12-27,72,5804,,,,,,,,,,,,,,,,,
2017-12-28,58,3224,,,,,,,,,,,,,,,,,
2017-12-29,43,3810,,,,,,,,,,,,,,,,,
2017-12-30,51,3305,,,,,,,,,,,,,,,,,
2017-12-31,86,3389,,,,,,,,,,,,,,,,,
2018-01-01,106,3857,,,,,,,,,,,,,,,,,
2018-01-02,81,2887,,,,,,,,,,,,,,,,,
2018-01-03,76,2410,,,,,,,,,,,,,,,,,
2018-01-04,75,3457,,,,,,,,,,,,,,,,,
2018-01-05,18,1036,,,,,,,,,,,,,,,,,
2018-01-06,23,1979,,,,,,,,,,,,,,,,,
2018-01-07,16,2253,,,,,,,,,,,,,,,,,
2018-01-08,46,3014,,,,,,,,,,,,,,,,,
2018-01-09,45,2706,,,,,,,,,,,,,,,,,
2018-01-10,38,2634,,,,,,,,,,,,,,,,,
2018-01-11,46,2454,,,,,,,,,,,,,,,,,
2018-01-12,42,2747,,,,,,,,,,,,,,,,,
2018-01-13,18,2482,,,,,,,,,,,,,,,,,
2018-01-14,30,2476,,,,,,,,,,,,,,,,,
2018-01-15,54,3218,,,,,,,,,,,,,,,,,
2018-01-16,31,2834,,,,,,,,,,,,,,,,,
2018-01-17,42,2755,,,,,,,,,,,,,,,,,
2018-01-18,49,2830,,,,,,,,,,,,,,,,,
2018-01-19,40,3024,,,,,,,,,,,,,,,,,
2018-01-20,30,2531,,,,,,,,,,,,,,,,,
2018-01-21,10,881,,,,,,,,,,,,,,,,,
2018-01-22,101,4902,,,,,,,,,,,,,,,,,
2018-01-23,60,2886,,,,,,,,,,,,,,,,,
2018-01-24,49,2787,,,,,,,,,,,,,,,,,
2018-01-25,38,2596,,,,,,,,,,,,,,,,,
2018-01-26,67,2872,,,,,,,,,,,,,,,,,
2018-01-27,37,2352,,,,,,,,,,,,,,,,,
2018-01-28,33,2550,,,,,,,,,,,,,,,,,
2018-01-29,74,3345,,,,,,,,,,,,,,,,,
2018-01-30,41,2801,,,,,,,,,,,,,,,,,
2018-01-31,39,2539,,,,,,,,,,,,,,,,,
2018-02-01,43,3306,,,,,,,,,,,,,,,,,
2018-02-02,48,3104,,,,,,,,,,,,,,,,,
2018-02-03,28,2618,,,,,,,,,,,,,,,,,
2018-02-04,21,2737,,,,,,,,,,,,,,,,,
2018-02-05,70,3445,,,,,,,,,,,,,,,,,
2018-02-06,47,3021,,,,,,,,,,,,,,,,,
2018-02-07,41,2814,,,,,,,,,,,,,,,,,
2018-02-08,39,2975,,,,,,,,,,,,,,,,,
2018-02-09,26,2921,,,,,,,,,,,,,,,,,
2018-02-10,33,2715,,,,,,,,,,,,,,,,,
2018-02-11,25,2541,,,,,,,,,,,,,,,,,
2018-02-12,60,3468,,,,,,,,,,,,,,,,,
2018-02-13,60,3064,,,,,,,,,,,,,,,,,
2018-02-14,55,3246,,,,,,,,,,,,,,,,,
2018-02-15,46,3345,,,,,,,,,,,,,,,,,
2018-02-16,38,3386,,,,,,,,,,,,,,,,,
2018-02-17,34,2883,,,,,,,,,,,,,,,,,
2018-02-18,42,2887,,,,,,,,,,,,,,,,,
2018-02-19,69,3632,,,,,,,,,,,,,,,,,
2018-02-20,75,3036,,,,,,,,,,,,,,,,,
2018-02-21,34,3040,,,,,,,,,,,,,,,,,
2018-02-22,37,2921,,,,,,,,,,,,,,,,,
2018-02-23,47,3194,,,,,,,,,,,,,,,,,
2018-02-24,25,2500,,,,,,,,,,,,,,,,,
2018-02-25,35,2640,,,,,,,,,,,,,,,,,
2018-02-26,55,3401,,,,,,,,,,,,,,,,,
2018-02-27,42,3038,,,,,,,,,,,,,,,,,
2018-02-28,46,2892,,,,,,,,,,,,,,,,,
2018-03-01,23,2474,,,,,,,,,,,,,,,,,
2018-03-02,56,3197,,,,,,,,,,,,,,,,,
2018-03-03,28,2643,,,,,,,,,,,,,,,,,
2018-03-04,28,2788,,,,,,,,,,,,,,,,,
2018-03-05,54,3575,,,,,,,,,,,,,,,,,
2018-03-06,55,3151,,,,,,,,,,,,,,,,,
2018-03-07,61,3082,,,,,,,,,,,,,,,,,
2018-03-08,51,2922,,,,,,,,,,,,,,,,,
2018-03-09,41,2935,,,,,,,,,,,,,,,,,
2018-03-10,28,2331,,,,,,,,,,,,,,,,,
2018-03-11,27,2573,,,,,,,,,,,,,,,,,
2018-03-12,43,1585,,,,,,,,,,,,,,,,,
2018-03-13,46,2922,,,,,,,,,,,,,,,,,
2018-03-14,44,2728,,,,,,,,,,,,,,,,,
2018-03-15,32,2774,,,,,,,,,,,,,,,,,
2018-03-16,38,2771,,,,,,,,,,,,,,,,,
2018-03-17,33,2489,,,,,,,,,,,,,,,,,
2018-03-18,30,2573,,,,,,,,,,,,,,,,,
2018-03-19,85,3462,,,,,,,,,,,,,,,,,
2018-03-20,62,3019,,,,,,,,,,,,,,,,,
2018-03-21,46,2672,,,,,,,,,,,,,,,,,
2018-03-22,57,2735,,,,,,,,,,,,,,,,,
2018-03-23,39,2732,,,,,,,,,,,,,,,,,
2018-03-24,31,2319,,,,,,,,,,,,,,,,,
2018-03-25,33,2352,,,,,,,,,,,,,,,,,
2018-03-26,55,3083,,,,,,,,,,,,,,,,,
2018-03-27,63,2734,,,,,,,,,,,,,,,,,
2018-03-28,46,2491,,,,,,,,,,,,,,,,,
2018-03-29,44,2457,,,,,,,,,,,,,,,,,
2018-03-30,57,2706,,,,,,,,,,,,,,,,,
2018-03-31,28,2347,,,,,,,,,,,,,,,,,
2018-04-01,29,2547,,,,,,,,,,,,,,,,,
2018-04-02,60,3182,,,,,,,,,,,,,,,,,
2018-04-03,41,2856,,,,,,,,,,,,,,,,,
2018-04-04,48,2731,,,,,,,,,,,,,,,,,
2018-04-05,41,2756,,,,,,,,,,,,,,,,,
2018-04-06,23,2218,,,,,,,,,,,,,,,,,
2018-04-07,23,2521,,,,,,,,,,,,,,,,,
2018-04-08,17,2417,,,,,,,,,,,,,,,,,
2018-04-09,80,3121,,,,,,,,,,,,,,,,,
2018-04-10,74,2843,,,,,,,,,,,,,,,,,
2018-04-11,39,2703,,,,,,,,,,,,,,,,,
2018-04-12,60,3679,,,,,,,,,,,,,,,,,
2018-04-13,86,4095,,,,,,,,,,,,,,,,,
2018-04-14,57,4047,,,,,,,,,,,,,,,,,
2018-04-15,69,3471,,,,,,,,,,,,,,,,,
2018-04-16,49,2891,,,,,,,,,,,,,,,,,
2018-04-17,25,3245,,,,,,,,,,,,,,,,,
2018-04-18,40,2537,,,,,,,,,,,,,,,,,
2018-04-19,42,2542,,,,,,,,,,,,,,,,,
2018-04-20,55,2320,,,,,,,,,,,,,,,,,
2018-04-21,22,1906,,,,,,,,,,,,,,,,,
2018-04-22,27,1985,,,,,,,,,,,,,,,,,
2018-04-23,55,2889,,,,,,,,,,,,,,,,,
2018-04-24,49,2375,,,,,,,,,,,,,,,,,
2018-04-25,36,3482,,,,,,,,,,,,,,,,,
2018-04-26,45,2461,,,,,,,,,,,,,,,,,
2018-04-27,29,2575,,,,,,,,,,,,,,,,,
2018-04-28,21,1992,,,,,,,,,,,,,,,,,
2018-04-29,27,1868,,,,,,,,,,,,,,,,,
2018-04-30,36,2784,,,,,,,,,,,,,,,,,
2018-05-01,30,2341,,,,,,,,,,,,,,,,,
2018-05-02,46,2528,,,,,,,,,,,,,,,,,
2018-05-03,43,2270,,,,,,,,,,,,,,,,,
2018-05-04,31,2399,,,,,,,,,,,,,,,,,
2018-05-05,19,2030,,,,,,,,,,,,,,,,,
2018-05-06,36,2236,,,,,,,,,,,,,,,,,
2018-05-07,51,2934,,,,,,,,,,,,,,,,,
2018-05-08,47,2554,,,,,,,,,,,,,,,,,
2018-05-09,29,2647,,,,,,,,,,,,,,,,,
2018-05-10,30,2569,,,,,,,,,,,,,,,,,
2018-05-11,45,2667,,,,,,,,,,,,,,,,,
2018-05-12,28,2173,,,,,,,,,,,,,,,,,
2018-05-13,31,2227,,,,,,,,,,,,,,,,,
2018-05-14,40,2491,,,,,,,,,,,,,,,,,
2018-05-15,38,2986,,,,,,,,,,,,,,,,,
2018-05-16,50,2599,,,,,,,,,,,,,,,,,
2018-05-17,48,2768,,,,,,,,,,,,,,,,,
2018-05-18,44,2689,,,,,,,,,,,,,,,,,
2018-05-19,19,2152,,,,,,,,,,,,,,,,,
2018-05-20,21,2405,,,,,,,,,,,,,,,,,
2018-05-21,51,3171,,,,,,,,,,,,,,,,,
2018-05-22,49,2510,,,,,,,,,,,,,,,,,
2018-05-23,30,2544,,,,,,,,,,,,,,,,,
2018-05-24,39,2590,,,,,,,,,,,,,,,,,
2018-05-25,40,2685,,,,,,,,,,,,,,,,,
2018-05-26,27,2293,,,,,,,,,,,,,,,,,
2018-05-27,30,2264,,,,,,,,,,,,,,,,,
2018-05-28,38,2998,,,,,,,,,,,,,,,,,
2018-05-29,25,1958,,,,,,,,,,,,,,,,,
2018-05-30,27,2676,,,,,,,,,,,,,,,,,
2018-05-31,39,2470,,,,,,,,,,,,,,,,,
2018-06-01,48,2650,,,,,,,,,,,,,,,,,
2018-06-02,30,2468,,,,,,,,,,,,,,,,,
2018-06-03,34,2498,,,,,,,,,,,,,,,,,
2018-06-04,38,3114,,,,,,,,,,,,,,,,,
2018-06-05,41,2787,,,,,,,,,,,,,,,,,
2018-06-06,35,2684,,,,,,,,,,,,,,,,,
2018-06-07,56,2835,,,,,,,,,,,,,,,,,
2018-06-08,44,2943,,,,,,,,,,,,,,,,,
2018-06-09,24,2458,,,,,,,,,,,,,,,,,
2018-06-10,26,2558,,,,,,,,,,,,,,,,,
2018-06-11,54,3248,,,,,,,,,,,,,,,,,
2018-06-12,29,2777,,,,,,,,,,,,,,,,,
2018-06-13,29,2755,,,,,,,,,,,,,,,,,
2018-06-14,48,2709,,,,,,,,,,,,,,,,,
2018-06-15,28,2840,,,,,,,,,,,,,,,,,
2018-06-16,32,2570,,,,,,,,,,,,,,,,,
2018-06-17,19,2622,,,,,,,,,,,,,,,,,
2018-06-18,45,3288,,,,,,,,,,,,,,,,,
2018-06-19,28,2767,,,,,,,,,,,,,,,,,
2018-06-20,31,2639,,,,,,,,,,,,,,,,,
2018-06-21,36,2637,,,,,,,,,,,,,,,,,
2018-06-22,42,2765,,,,,,,,,,,,,,,,,
2018-06-23,27,2340,,,,,,,,,,,,,,,,,
2018-06-24,25,2326,,,,,,,,,,,,,,,,,
2018-06-25,53,3112,,,,,,,,,,,,,,,,,
2018-06-26,41,2567,,,,,,,,,,,,,,,,,
2018-06-27,33,2565,,,,,,,,,,,,,,,,,
2018-06-28,43,2206,,,,,,,,,,,,,,,,,
2018-06-29,22,2625,,,,,,,,,,,,,,,,,
2018-06-30,18,2403,,,,,,,,,,,,,,,,,
2018-07-01,22,2658,,,,,,,,,,,,,,,,,
2018-07-02,58,3430,,,,,,,,,,,,,,,,,
2018-07-03,36,2919,,,,,,,,,,,,,,,,,
2018-07-04,38,2746,,,,,,,,,,,,,,,,,
2018-07-05,31,2883,,,,,,,,,,,,,,,,,
2018-07-06,37,2918,,,,,,,,,,,,,,,,,
2018-07-07,19,2351,,,,,,,,,,,,,,,,,
2018-07-08,25,2592,,,,,,,,,,,,,,,,,
2018-07-09,42,3271,,,,,,,,,,,,,,,,,
2018-07-10,38,2609,,,,,,,,,,,,,,,,,
2018-07-11,28,2608,,,,,,,,,,,,,,,,,
2018-07-12,34,2566,,,,,,,,,,,,,,,,,
2018-07-13,19,2800,,,,,,,,,,,,,,,,,
2018-07-14,26,2576,,,,,,,,,,,,,,,,,
2018-07-15,15,2273,,,,,,,,,,,,,,,,,
2018-07-16,44,3102,,,,,,,,,,,,,,,,,
2018-07-17,53,2853,,,,,,,,,,,,,,,,,
2018-07-18,39,2691,,,,,,,,,,,,,,,,,
2018-07-19,30,2652,,,,,,,,,,,,,,,,,
2018-07-20,27,2681,,,,,,,,,,,,,,,,,
2018-07-21,18,2414,,,,,,,,,,,,,,,,,
2018-07-22,18,2604,,,,,,,,,,,,,,,,,
2018-07-23,60,3194,,,,,,,,,,,,,,,,,
2018-07-24,43,2764,,,,,,,,,,,,,,,,,
2018-07-25,31,2795,,,,,,,,,,,,,,,,,
2018-07-26,34,3031,,,,,,,,,,,,,,,,,
2018-07-27,27,2464,,,,,,,,,,,,,,,,,
2018-07-28,34,2224,,,,,,,,,,,,,,,,,
2018-07-29,26,2037,,,,,,,,,,,,,,,,,
2018-07-30,27,2204,,,,,,,,,,,,,,,,,
2018-07-31,38,2818,,,,,,,,,,,,,,,,,
2018-08-01,47,2677,,,,,,,,,,,,,,,,,
2018-08-02,32,2717,,,,,,,,,,,,,,,,,
2018-08-03,41,2914,,,,,,,,,,,,,,,,,
2018-08-04,27,2453,,,,,,,,,,,,,,,,,
2018-08-05,30,2425,,,,,,,,,,,,,,,,,
2018-08-06,41,3471,,,,,,,,,,,,,,,,,
2018-08-07,32,2773,,,,,,,,,,,,,,,,,
2018-08-08,25,2766,,,,,,,,,,,,,,,,,
2018-08-09,21,2674,,,,,,,,,,,,,,,,,
2018-08-10,37,2852,,,,,,,,,,,,,,,,,
2018-08-11,19,2473,,,,,,,,,,,,,,,,,
2018-08-12,26,2485,,,,,,,,,,,,,,,,,
2018-08-13,17,2005,,,,,,,,,,,,,,,,,
2018-08-14,58,2991,,,,,,,,,,,,,,,,,
2018-08-15,39,2582,,,,,,,,,,,,,,,,,
2018-08-16,29,2653,,,,,,,,,,,,,,,,,
2018-08-17,27,2889,,,,,,,,,,,,,,,,,
2018-08-18,28,2289,,,,,,,,,,,,,,,,,
2018-08-19,15,2408,,,,,,,,,,,,,,,,,
2018-08-20,37,3282,,,,,,,,,,,,,,,,,
2018-08-21,38,2805,,,,,,,,,,,,,,,,,
2018-08-22,20,2722,,,,,,,,,,,,,,,,,
2018-08-23,39,2656,,,,,,,,,,,,,,,,,
2018-08-24,27,2721,,,,,,,,,,,,,,,,,
2018-08-25,22,2314,,,,,,,,,,,,,,,,,
2018-08-26,22,2251,,,,,,,,,,,,,,,,,
2018-08-27,44,3089,,,,,,,,,,,,,,,,,
2018-08-28,33,3512,,,,,,,,,,,,,,,,,
2018-08-29,37,2571,,,,,,,,,,,,,,,,,
2018-08-30,31,2597,,,,,,,,,,,,,,,,,
2018-08-31,36,2752,,,,,,,,,,,,,,,,,
2018-09-01,16,2622,,,,,,,,,,,,,,,,,
2018-09-02,36,2638,,,,,,,,,,,,,,,,,
2018-09-03,61,3428,,,,,,,,,,,,,,,,,
2018-09-04,42,2816,,,,,,,,,,,,,,,,,
2018-09-05,22,2738,,,,,,,,,,,,,,,,,
2018-09-06,33,2936,,,,,,,,,,,,,,,,,
2018-09-07,32,2964,,,,,,,,,,,,,,,,,
2018-09-08,21,2380,,,,,,,,,,,,,,,,,
2018-09-09,18,2417,,,,,,,,,,,,,,,,,
2018-09-10,37,3200,,,,,,,,,,,,,,,,,
2018-09-11,45,2738,,,,,,,,,,,,,,,,,
2018-09-12,39,2661,,,,,,,,,,,,,,,,,
2018-09-13,19,2588,,,,,,,,,,,,,,,,,
2018-09-14,26,2941,,,,,,,,,,,,,,,,,
2018-09-15,21,2446,,,,,,,,,,,,,,,,,
2018-09-16,13,2327,,,,,,,,,,,,,,,,,
2018-09-17,54,3165,,,,,,,,,,,,,,,,,
2018-09-18,34,2679,,,,,,,,,,,,,,,,,
2018-09-19,29,2618,,,,,,,,,,,,,,,,,
2018-09-20,20,2694,,,,,,,,,,,,,,,,,
2018-09-21,30,2892,,,,,,,,,,,,,,,,,
2018-09-22,24,2411,,,,,,,,,,,,,,,,,
2018-09-23,30,2387,,,,,,,,,,,,,,,,,
2018-09-24,37,2958,,,,,,,,,,,,,,,,,
2018-09-25,41,2705,,,,,,,,,,,,,,,,,
2018-09-26,31,2976,,,,,,,,,,,,,,,,,
2018-09-27,33,2716,,,,,,,,,,,,,,,,,
2018-09-28,24,2751,,,,,,,,,,,,,,,,,
2018-09-29,23,2574,,,,,,,,,,,,,,,,,
2018-09-30,21,2692,,,,,,,,,,,,,,,,,
2018-10-01,33,3363,,,,,,,,,,,,,,,,,
2018-10-02,47,3054,,,,,,,,,,,,,,,,,
2018-10-03,30,2812,,,,,,,,,,,,,,,,,
2018-10-04,39,2769,,,,,,,,,,,,,,,,,
2018-10-05,28,2714,,,,,,,,,,,,,,,,,
2018-10-06,23,2343,,,,,,,,,,,,,,,,,
2018-10-07,22,2382,,,,,,,,,,,,,,,,,
2018-10-08,39,2644,,,,,,,,,,,,,,,,,
2018-10-09,36,2130,,,,,,,,,,,,,,,,,
2018-10-10,41,2023,,,,,,,,,,,,,,,,,
2018-10-11,30,2131,,,,,,,,,,,,,,,,,
2018-10-12,35,4039,,,,,,,,,,,,,,,,,
2018-10-13,30,2517,,,,,,,,,,,,,,,,,
2018-10-14,19,2297,,,,,,,,,,,,,,,,,
2018-10-15,23,2337,,,,,,,,,,,,,,,,,
2018-10-16,47,2908,,,,,,,,,,,,,,,,,
2018-10-17,33,2751,,,,,,,,,,,,,,,,,
2018-10-18,45,2736,,,,,,,,,,,,,,,,,
2018-10-19,39,2732,,,,,,,,,,,,,,,,,
2018-10-20,29,2342,,,,,,,,,,,,,,,,,
2018-10-21,34,2222,,,,,,,,,,,,,,,,,
2018-10-22,38,3034,,,,,,,,,,,,,,,,,
2018-10-23,21,2004,,,,,,,,,,,,,,,,,
2018-10-24,31,2799,,,,,,,,,,,,,,,,,
2018-10-25,36,2667,,,,,,,,,,,,,,,,,
2018-10-26,36,2810,,,,,,,,,,,,,,,,,
2018-10-27,23,2474,,,,,,,,,,,,,,,,,
2018-10-28,33,2537,,,,,,,,,,,,,,,,,
2018-10-29,45,3389,,,,,,,,,,,,,,,,,
2018-10-30,45,3010,,,,,,,,,,,,,,,,,
2018-10-31,45,3058,,,,,,,,,,,,,,,,,
2018-11-01,58,3012,,,,,,,,,,,,,,,,,
2018-11-02,36,3274,,,,,,,,,,,,,,,,,
2018-11-03,26,2906,,,,,,,,,,,,,,,,,
2018-11-04,30,2987,,,,,,,,,,,,,,,,,
2018-11-05,37,3833,,,,,,,,,,,,,,,,,
2018-11-06,35,2995,,,,,,,,,,,,,,,,,
2018-11-07,37,2921,,,,,,,,,,,,,,,,,
2018-11-08,29,2974,,,,,,,,,,,,,,,,,
2018-11-09,42,3207,,,,,,,,,,,,,,,,,
2018-11-10,21,2708,,,,,,,,,,,,,,,,,
2018-11-11,34,2745,,,,,,,,,,,,,,,,,
2018-11-12,41,3545,,,,,,,,,,,,,,,,,
2018-11-13,48,2860,,,,,,,,,,,,,,,,,
2018-11-14,42,2739,,,,,,,,,,,,,,,,,
2018-11-15,35,2805,,,,,,,,,,,,,,,,,
2018-11-16,39,3100,,,,,,,,,,,,,,,,,
2018-11-17,22,2755,,,,,,,,,,,,,,,,,
2018-11-18,31,2990,,,,,,,,,,,,,,,,,
2018-11-19,38,3683,,,,,,,,,,,,,,,,,
2018-11-20,39,3294,,,,,,,,,,,,,,,,,
2018-11-21,41,3173,,,,,,,,,,,,,,,,,
2018-11-22,36,3385,,,,,,,,,,,,,,,,,
2018-11-23,52,4045,,,,,,,,,,,,,,,,,
2018-11-24,30,2650,,,,,,,,,,,,,,,,,
2018-11-25,22,2733,,,,,,,,,,,,,,,,,
2018-11-26,42,3722,,,,,,,,,,,,,,,,,
2018-11-27,52,2993,,,,,,,,,,,,,,,,,
2018-11-28,47,2873,,,,,,,,,,,,,,,,,
2018-11-29,33,2880,,,,,,,,,,,,,,,,,
2018-11-30,42,3048,,,,,,,,,,,,,,,,,
2018-12-01,38,3018,,,,,,,,,,,,,,,,,
2018-12-02,26,3138,,,,,,,,,,,,,,,,,
2018-12-03,58,3858,,,,,,,,,,,,,,,,,
2018-12-04,47,3568,,,,,,,,,,,,,,,,,
2018-12-05,29,2852,,,,,,,,,,,,,,,,,
2018-12-06,40,3486,,,,,,,,,,,,,,,,,
2018-12-07,41,3218,,,,,,,,,,,,,,,,,
2018-12-08,24,2878,,,,,,,,,,,,,,,,,
2018-12-09,17,2701,,,,,,,,,,,,,,,,,
2018-12-10,18,2592,,,,,,,,,,,,,,,,,
2018-12-11,44,3495,,,,,,,,,,,,,,,,,
2018-12-12,52,2965,,,,,,,,,,,,,,,,,
2018-12-13,47,2901,,,,,,,,,,,,,,,,,
2018-12-14,47,2904,,,,,,,,,,,,,,,,,
2018-12-15,31,2447,,,,,,,,,,,,,,,,,
2018-12-16,25,3009,,,,,,,,,,,,,,,,,
2018-12-17,47,3724,,,,,,,,,,,,,,,,,
2018-12-18,37,3184,,,,,,,,,,,,,,,,,
2018-12-19,36,2876,,,,,,,,,,,,,,,,,
2018-12-20,58,3087,,,,,,,,,,,,,,,,,
2018-12-21,41,3218,,,,,,,,,,,,,,,,,
2018-12-22,26,2864,,,,,,,,,,,,,,,,,
2018-12-23,47,2925,,,,,,,,,,,,,,,,,
2018-12-24,56,3703,,,,,,,,,,,,,,,,,
2018-12-25,49,3258,,,,,,,,,,,,,,,,,
2018-12-26,44,3442,,,,,,,,,,,,,,,,,
2018-12-27,76,3578,,,,,,,,,,,,,,,,,
2018-12-28,78,4321,,,,,,,,,,,,,,,,,
2018-12-29,99,3904,,,,,,,,,,,,,,,,,
2018-12-30,70,3592,,,,,,,,,,,,,,,,,
2018-12-31,99,3375,,,,,,,,,,,,,,,,,
2019-01-01,106,4190,,,,,,,,,,,,,,,,,
2019-01-02,119,3844,,,,,,,,,,,,,,,,,
2019-01-03,64,2952,,,,,,,,,,,,,,,,,
2019-01-04,42,2736,,,,,,,,,,,,,,,,,
2019-01-05,16,2253,,,,,,,,,,,,,,,,,
2019-01-06,34,2263,,,,,,,,,,,,,,,,,
2019-01-07,40,3081,,,,,,,,,,,,,,,,,
2019-01-08,42,2687,,,,,,,,,,,,,,,,,
2019-01-09,43,2659,,,,,,,,,,,,,,,,,
2019-01-10,44,2913,,,,,,,,,,,,,,,,,
2019-01-11,46,2922,,,,,,,,,,,,,,,,,
2019-01-12,36,2852,,,,,,,,,,,,,,,,,
2019-01-13,44,3098,,,,,,,,,,,,,,,,,
2019-01-14,57,3584,,,,,,,,,,,,,,,,,
2019-01-15,51,2970,,,,,,,,,,,,,,,,,
2019-01-16,27,3126,,,,,,,,,,,,,,,,,
2019-01-17,31,3008,,,,,,,,,,,,,,,,,
2019-01-18,41,3118,,,,,,,,,,,,,,,,,
2019-01-19,23,2694,,,,,,,,,,,,,,,,,
2019-01-20,35,2744,,,,,,,,,,,,,,,,,
2019-01-21,65,3459,,,,,,,,,,,,,,,,,
2019-01-22,35,2814,,,,,,,,,,,,,,,,,
2019-01-23,42,3084,,,,,,,,,,,,,,,,,
2019-01-24,27,2980,,,,,,,,,,,,,,,,,
2019-01-25,45,3144,,,,,,,,,,,,,,,,,
2019-01-26,37,2835,,,,,,,,,,,,,,,,,
2019-01-27,34,2989,,,,,,,,,,,,,,,,,
2019-01-28,68,3880,,,,,,,,,,,,,,,,,
2019-01-29,39,3126,,,,,,,,,,,,,,,,,
2019-01-30,50,2997,,,,,,,,,,,,,,,,,
2019-01-31,30,3033,,,,,,,,,,,,,,,,,
2019-02-01,48,3177,,,,,,,,,,,,,,,,,
2019-02-02,23,3197,,,,,,,,,,,,,,,,,
2019-02-03,31,3287,,,,,,,,,,,,,,,,,
2019-02-04,54,3810,,,,,,,,,,,,,,,,,
2019-02-05,62,3424,,,,,,,,,,,,,,,,,
2019-02-06,50,3282,,,,,,,,,,,,,,,,,
2019-02-07,53,3345,,,,,,,,,,,,,,,,,
2019-02-08,40,3405,,,,,,,,,,,,,,,,,
2019-02-09,34,2950,,,,,,,,,,,,,,,,,
2019-02-10,42,3185,,,,,,,,,,,,,,,,,
2019-02-11,59,3687,,,,,,,,,,,,,,,,,
2019-02-12,55,3107,,,,,,,,,,,,,,,,,
2019-02-13,38,3104,,,,,,,,,,,,,,,,,
2019-02-14,31,2973,,,,,,,,,,,,,,,,,
2019-02-15,28,3220,,,,,,,,,,,,,,,,,
2019-02-16,29,2845,,,,,,,,,,,,,,,,,
2019-02-17,28,3199,,,,,,,,,,,,,,,,,
2019-02-18,71,3798,,,,,,,,,,,,,,,,,
2019-02-19,24,2728,,,,,,,,,,,,,,,,,
2019-02-20,44,3322,,,,,,,,,,,,,,,,,
2019-02-21,53,3028,,,,,,,,,,,,,,,,,
2019-02-22,48,3102,,,,,,,,,,,,,,,,,
2019-02-23,26,2669,,,,,,,,,,,,,,,,,
2019-02-24,32,2714,,,,,,,,,,,,,,,,,
2019-02-25,38,3426,,,,,,,,,,,,,,,,,
2019-02-26,39,3035,,,,,,,,,,,,,,,,,
2019-02-27,50,3068,,,,,,,,,,,,,,,,,
2019-02-28,51,3020,,,,,,,,,,,,,,,,,
2019-03-01,41,3367,,,,,,,,,,,,,,,,,
2019-03-02,27,2940,,,,,,,,,,,,,,,,,
2019-03-03,41,3074,,,,,,,,,,,,,,,,,
2019-03-04,57,3794,,,,,,,,,,,,,,,,,
2019-03-05,57,3343,,,,,,,,,,,,,,,,,
2019-03-06,46,3309,,,,,,,,,,,,,,,,,
2019-03-07,50,3353,,,,,,,,,,,,,,,,,
2019-03-08,37,3389,,,,,,,,,,,,,,,,,
2019-03-09,31,2987,,,,,,,,,,,,,,,,,
2019-03-10,29,2962,,,,,,,,,,,,,,,,,
2019-03-11,74,3701,,,,,,,,,,,,,,,,,
2019-03-12,39,3356,,,,,,,,,,,,,,,,,
2019-03-13,52,3137,,,,,,,,,,,,,,,,,
2019-03-14,42,3113,,,,,,,,,,,,,,,,,
2019-03-15,40,3199,,,,,,,,,,,,,,,,,
2019-03-16,24,3146,,,,,,,,,,,,,,,,,
2019-03-17,22,2782,,,,,,,,,,,,,,,,,
2019-03-18,57,3730,,,,,,,,,,,,,,,,,
2019-03-19,59,3182,,,,,,,,,,,,,,,,,
2019-03-20,46,2936,,,,,,,,,,,,,,,,,
2019-03-21,36,2973,,,,,,,,,,,,,,,,,
2019-03-22,40,3128,,,,,,,,,,,,,,,,,
2019-03-23,22,2690,,,,,,,,,,,,,,,,,
2019-03-24,26,2704,,,,,,,,,,,,,,,,,
2019-03-25,59,3539,,,,,,,,,,,,,,,,,
2019-03-26,56,3018,,,,,,,,,,,,,,,,,
2019-03-27,62,2888,,,,,,,,,,,,,,,,,
2019-03-28,37,2884,,,,,,,,,,,,,,,,,
2019-03-29,32,3058,,,,,,,,,,,,,,,,,
2019-03-30,28,2734,,,,,,,,,,,,,,,,,
2019-03-31,39,2857,,,,,,,,,,,,,,,,,
2019-04-01,56,2739,,,,,,,,,,,,,,,,,
2019-04-02,59,2528,,,,,,,,,,,,,,,,,
2019-04-03,36,2469,,,,,,,,,,,,,,,,,
2019-04-04,43,2281,,,,,,,,,,,,,,,,,
2019-04-05,34,2375,,,,,,,,,,,,,,,,,
2019-04-06,29,1880,,,,,,,,,,,,,,,,,
2019-04-07,24,1834,,,,,,,,,,,,,,,,,
2019-04-08,34,2013,,,,,,,,,,,,,,,,,
2019-04-09,65,2560,,,,,,,,,,,,,,,,,
2019-04-10,51,2301,,,,,,,,,,,,,,,,,
2019-04-11,75,2552,,,,,,,,,,,,,,,,,
2019-04-12,87,2443,,,,,,,,,,,,,,,,,
2019-04-13,86,3148,,,,,,,,,,,,,,,,,
2019-04-14,89,3269,,,,,,,,,,,,,,,,,
2019-04-15,67,2724,,,,,,,,,,,,,,,,,
2019-04-16,71,2338,,,,,,,,,,,,,,,,,
2019-04-17,82,4772,,,,,,,,,,,,,,,,,
2019-04-18,59,2024,,,,,,,,,,,,,,,,,
2019-04-19,39,2020,,,,,,,,,,,,,,,,,
2019-04-20,13,1548,,,,,,,,,,,,,,,,,
2019-04-21,24,1648,,,,,,,,,,,,,,,,,
2019-04-22,57,2359,,,,,,,,,,,,,,,,,
2019-04-23,27,2065,,,,,,,,,,,,,,,,,
2019-04-24,50,1927,,,,,,,,,,,,,,,,,
2019-04-25,35,1980,,,,,,,,,,,,,,,,,
2019-04-26,44,2136,,,,,,,,,,,,,,,,,
2019-04-27,24,1527,,,,,,,,,,,,,,,,,
2019-04-28,42,1699,,,,,,,,,,,,,,,,,
2019-04-29,47,2440,,,,,,,,,,,,,,,,,
2019-04-30,47,2130,,,,,,,,,,,,,,,,,
2019-05-01,24,2210,,,,,,,,,,,,,,,,,
2019-05-02,52,2392,,,,,,,,,,,,,,,,,
2019-05-03,28,2352,,,,,,,,,,,,,,,,,
2019-05-04,41,1701,,,,,,,,,,,,,,,,,
2019-05-05,32,1781,,,,,,,,,,,,,,,,,
2019-05-06,43,1773,,,,,,,,,,,,,,,,,
2019-05-07,47,2453,,,,,,,,,,,,,,,,,
2019-05-08,37,2052,,,,,,,,,,,,,,,,,
2019-05-09,40,1717,,,,,,,,,,,,,,,,,
2019-05-10,42,2321,,,,,,,,,,,,,,,,,
2019-05-11,16,1640,,,,,,,,,,,,,,,,,
2019-05-12,21,1770,,,,,,,,,,,,,,,,,
2019-05-13,44,2694,,,,,,,,,,,,,,,,,
2019-05-14,48,2305,,,,,,,,,,,,,,,,,
2019-05-15,46,2049,,,,,,,,,,,,,,,,,
2019-05-16,52,2085,,,,,,,,,,,,,,,,,
2019-05-17,36,2208,,,,,,,,,,,,,,,,,
2019-05-18,26,1691,,,,,,,,,,,,,,,,,
2019-05-19,27,1683,,,,,,,,,,,,,,,,,
2019-05-20,29,1744,,,,,,,,,,,,,,,,,
2019-05-21,48,2616,,,,,,,,,,,,,,,,,
2019-05-22,32,2169,,,,,,,,,,,,,,,,,
2019-05-23,16,2125,,,,,,,,,,,,,,,,,
2019-05-24,19,2192,,,,,,,,,,,,,,,,,
2019-05-25,25,1793,,,,,,,,,,,,,,,,,
2019-05-26,16,1826,,,,,,,,,,,,,,,,,
2019-05-27,45,2595,,,,,,,,,,,,,,,,,
2019-05-28,38,2157,,,,,,,,,,,,,,,,,
2019-05-29,44,2270,,,,,,,,,,,,,,,,,
2019-05-30,28,2263,,,,,,,,,,,,,,,,,
2019-05-31,32,2349,,,,,,,,,,,,,,,,,
2019-06-01,20,2038,,,,,,,,,,,,,,,,,
2019-06-02,23,2082,,,,,,,,,,,,,,,,,
2019-06-03,25,2026,,,,,,,,,,,,,,,,,
2019-06-04,46,2744,,,,,,,,,,,,,,,,,
2019-06-05,42,2294,,,,,,,,,,,,,,,,,
2019-06-06,43,2352,,,,,,,,,,,,,,,,,
2019-06-07,50,2395,,,,,,,,,,,,,,,,,
2019-06-08,26,1832,,,,,,,,,,,,,,,,,
2019-06-09,21,1905,,,,,,,,,,,,,,,,,
2019-06-10,36,2904,,,,,,,,,,,,,,,,,
2019-06-11,50,2310,,,,,,,,,,,,,,,,,
2019-06-12,41,2278,,,,,,,,,,,,,,,,,
2019-06-13,52,2368,,,,,,,,,,,,,,,,,
2019-06-14,22,2274,,,,,,,,,,,,,,,,,
2019-06-15,25,1943,,,,,,,,,,,,,,,,,
2019-06-16,33,1953,,,,,,,,,,,,,,,,,
2019-06-17,51,2726,,,,,,,,,,,,,,,,,
2019-06-18,53,2213,,,,,,,,,,,,,,,,,
2019-06-19,42,2146,,,,,,,,,,,,,,,,,
2019-06-20,43,2212,,,,,,,,,,,,,,,,,
2019-06-21,56,2376,,,,,,,,,,,,,,,,,
2019-06-22,28,1965,,,,,,,,,,,,,,,,,
2019-06-23,17,1846,,,,,,,,,,,,,,,,,
2019-06-24,49,2706,,,,,,,,,,,,,,,,,
2019-06-25,43,2195,,,,,,,,,,,,,,,,,
2019-06-26,48,2381,,,,,,,,,,,,,,,,,
2019-06-27,29,2248,,,,,,,,,,,,,,,,,
2019-06-28,43,2322,,,,,,,,,,,,,,,,,
2019-06-29,29,1892,,,,,,,,,,,,,,,,,
2019-06-30,18,2041,,,,,,,,,,,,,,,,,
2019-07-01,32,2735,,,,,,,,,,,,,,,,,
2019-07-02,46,2511,,,,,,,,,,,,,,,,,
2019-07-03,42,2130,,,,,,,,,,,,,,,,,
2019-07-04,37,2067,,,,,,,,,,,,,,,,,
2019-07-05,38,2249,,,,,,,,,,,,,,,,,
2019-07-06,22,1598,,,,,,,,,,,,,,,,,
2019-07-07,22,1994,,,,,,,,,,,,,,,,,
2019-07-08,36,2861,,,,,,,,,,,,,,,,,
2019-07-09,33,2238,,,,,,,,,,,,,,,,,
2019-07-10,38,2320,,,,,,,,,,,,,,,,,
2019-07-11,45,2423,,,,,,,,,,,,,,,,,
2019-07-12,40,2343,,,,,,,,,,,,,,,,,
2019-07-13,32,2025,,,,,,,,,,,,,,,,,
2019-07-14,29,2003,,,,,,,,,,,,,,,,,
2019-07-15,52,2879,,,,,,,,,,,,,,,,,
2019-07-16,16,1800,,,,,,,,,,,,,,,,,
2019-07-17,44,2061,,,,,,,,,,,,,,,,,
2019-07-18,40,2519,,,,,,,,,,,,,,,,,
2019-07-19,49,2125,,,,,,,,,,,,,,,,,
2019-07-20,22,1565,,,,,,,,,,,,,,,,,
2019-07-21,30,1647,,,,,,,,,,,,,,,,,
2019-07-22,20,955,,,,,,,,,,,,,,,,,
2019-07-23,47,2155,,,,,,,,,,,,,,,,,
2019-07-24,50,2195,,,,,,,,,,,,,,,,,
2019-07-25,34,2061,,,,,,,,,,,,,,,,,
2019-07-26,24,2159,,,,,,,,,,,,,,,,,
2019-07-27,28,1805,,,,,,,,,,,,,,,,,
2019-07-28,29,1830,,,,,,,,,,,,,,,,,
2019-07-29,26,1766,,,,,,,,,,,,,,,,,
2019-07-30,38,2470,,,,,,,,,,,,,,,,,
2019-07-31,50,2256,,,,,,,,,,,,,,,,,
2019-08-01,42,2206,,,,,,,,,,,,,,,,,
2019-08-02,52,2375,,,,,,,,,,,,,,,,,
2019-08-03,21,1819,,,,,,,,,,,,,,,,,
2019-08-04,35,1783,,,,,,,,,,,,,,,,,
2019-08-05,57,2681,,,,,,,,,,,,,,,,,
2019-08-06,46,2150,,,,,,,,,,,,,,,,,
2019-08-07,30,2223,,,,,,,,,,,,,,,,,
2019-08-08,34,2205,,,,,,,,,,,,,,,,,
2019-08-09,38,2311,,,,,,,,,,,,,,,,,
2019-08-10,28,1931,,,,,,,,,,,,,,,,,
2019-08-11,29,1932,,,,,,,,,,,,,,,,,
2019-08-12,24,2043,,,,,,,,,,,,,,,,,
2019-08-13,57,2579,,,,,,,,,,,,,,,,,
2019-08-14,43,2143,,,,,,,,,,,,,,,,,
2019-08-15,24,1558,,,,,,,,,,,,,,,,,
2019-08-16,40,2146,,,,,,,,,,,,,,,,,
2019-08-17,24,1784,,,,,,,,,,,,,,,,,
2019-08-18,42,1905,,,,,,,,,,,,,,,,,
2019-08-19,52,2594,,,,,,,,,,,,,,,,,
2019-08-20,44,2225,,,,,,,,,,,,,,,,,
2019-08-21,44,2181,,,,,,,,,,,,,,,,,
2019-08-22,26,2231,,,,,,,,,,,,,,,,,
2019-08-23,50,2302,,,,,,,,,,,,,,,,,
2019-08-24,20,1866,,,,,,,,,,,,,,,,,
2019-08-25,24,1742,,,,,,,,,,,,,,,,,
2019-08-26,65,2559,,,,,,,,,,,,,,,,,
2019-08-27,51,2069,,,,,,,,,,,,,,,,,
2019-08-28,26,2057,,,,,,,,,,,,,,,,,
2019-08-29,34,2102,,,,,,,,,,,,,,,,,
2019-08-30,35,2089,,,,,,,,,,,,,,,,,
2019-08-31,20,1665,,,,,,,,,,,,,,,,,
2019-09-01,22,1915,,,,,,,,,,,,,,,,,
2019-09-02,52,2590,,,,,,,,,,,,,,,,,
2019-09-03,34,2178,,,,,,,,,,,,,,,,,
2019-09-04,42,2076,,,,,,,,,,,,,,,,,
2019-09-05,47,2225,,,,,,,,,,,,,,,,,
2019-09-06,38,2200,,,,,,,,,,,,,,,,,
2019-09-07,10,1829,,,,,,,,,,,,,,,,,
2019-09-08,32,1932,,,,,,,,,,,,,,,,,
2019-09-09,55,2876,,,,,,,,,,,,,,,,,
2019-09-10,26,2398,,,,,,,,,,,,,,,,,
2019-09-11,47,2293,,,,,,,,,,,,,,,,,
2019-09-12,39,2196,,,,,,,,,,,,,,,,,
2019-09-13,45,2295,,,,,,,,,,,,,,,,,
2019-09-14,27,1896,,,,,,,,,,,,,,,,,
2019-09-15,14,1851,,,,,,,,,,,,,,,,,
2019-09-16,56,2672,,,,,,,,,,,,,,,,,
2019-09-17,43,2268,,,,,,,,,,,,,,,,,
2019-09-18,38,2201,,,,,,,,,,,,,,,,,
2019-09-19,39,2276,,,,,,,,,,,,,,,,,
2019-09-20,37,2211,,,,,,,,,,,,,,,,,
2019-09-21,21,1804,,,,,,,,,,,,,,,,,
2019-09-22,29,1767,,,,,,,,,,,,,,,,,
2019-09-23,61,2858,,,,,,,,,,,,,,,,,
2019-09-24,41,2192,,,,,,,,,,,,,,,,,
2019-09-25,26,2171,,,,,,,,,,,,,,,,,
2019-09-26,42,2319,,,,,,,,,,,,,,,,,
2019-09-27,26,2355,,,,,,,,,,,,,,,,,
2019-09-28,21,1860,,,,,,,,,,,,,,,,,
2019-09-29,39,1851,,,,,,,,,,,,,,,,,
2019-09-30,36,2858,,,,,,,,,,,,,,,,,
2019-10-01,49,2394,,,,,,,,,,,,,,,,,
2019-10-02,56,2443,,,,,,,,,,,,,,,,,
2019-10-03,50,2302,,,,,,,,,,,,,,,,,
2019-10-04,52,2341,,,,,,,,,,,,,,,,,
2019-10-05,24,1746,,,,,,,,,,,,,,,,,
2019-10-06,30,1794,,,,,,,,,,,,,,,,,
2019-10-07,70,2691,,,,,,,,,,,,,,,,,
2019-10-08,43,2193,,,,,,,,,,,,,,,,,
2019-10-09,30,2155,,,,,,,,,,,,,,,,,
2019-10-10,45,2185,,,,,,,,,,,,,,,,,
2019-10-11,40,2468,,,,,,,,,,,,,,,,,
2019-10-12,18,1862,,,,,,,,,,,,,,,,,
2019-10-13,25,2048,,,,,,,,,,,,,,,,,
2019-10-14,21,1906,,,,,,,,,,,,,,,,,
2019-10-15,66,2722,,,,,,,,,,,,,,,,,
2019-10-16,42,2328,,,,,,,,,,,,,,,,,
2019-10-17,49,2399,,,,,,,,,,,,,,,,,
2019-10-18,53,2380,,,,,,,,,,,,,,,,,
2019-10-19,20,1759,,,,,,,,,,,,,,,,,
2019-10-20,25,2034,,,,,,,,,,,,,,,,,
2019-10-21,57,2771,,,,,,,,,,,,,,,,,
2019-10-22,58,2276,,,,,,,,,,,,,,,,,
2019-10-23,24,1634,,,,,,,,,,,,,,,,,
2019-10-24,58,2503,,,,,,,,,,,,,,,,,
2019-10-25,37,2351,,,,,,,,,,,,,,,,,
2019-10-26,27,1834,,,,,,,,,,,,,,,,,
2019-10-27,23,1991,,,,,,,,,,,,,,,,,
2019-10-28,60,2833,,,,,,,,,,,,,,,,,
2019-10-29,59,2473,,,,,,,,,,,,,,,,,
2019-10-30,36,2280,,,,,,,,,,,,,,,,,
2019-10-31,44,2297,,,,,,,,,,,,,,,,,
2019-11-01,55,2517,,,,,,,,,,,,,,,,,
2019-11-02,27,1943,,,,,,,,,,,,,,,,,
2019-11-03,20,2030,,,,,,,,,,,,,,,,,
2019-11-04,62,3232,,,,,,,,,,,,,,,,,
2019-11-05,66,2255,,,,,,,,,,,,,,,,,
2019-11-06,45,2257,,,,,,,,,,,,,,,,,
2019-11-07,41,2395,,,,,,,,,,,,,,,,,
2019-11-08,56,2414,,,,,,,,,,,,,,,,,
2019-11-09,22,1959,,,,,,,,,,,,,,,,,
2019-11-10,34,1916,,,,,,,,,,,,,,,,,
2019-11-11,54,3202,,,,,,,,,,,,,,,,,
2019-11-12,73,3087,,,,,,,,,,,,,,,,,
2019-11-13,53,2414,,,,,,,,,,,,,,,,,
2019-11-14,34,2261,,,,,,,,,,,,,,,,,
2019-11-15,41,2412,,,,,,,,,,,,,,,,,
2019-11-16,24,1895,,,,,,,,,,,,,,,,,
2019-11-17,21,2222,,,,,,,,,,,,,,,,,
2019-11-18,58,3115,,,,,,,,,,,,,,,,,
2019-11-19,45,2537,,,,,,,,,,,,,,,,,
2019-11-20,53,2272,,,,,,,,,,,,,,,,,
2019-11-21,50,2492,,,,,,,,,,,,,,,,,
2019-11-22,46,2492,,,,,,,,,,,,,,,,,
2019-11-23,27,2079,,,,,,,,,,,,,,,,,
2019-11-24,19,2049,,,,,,,,,,,,,,,,,
2019-11-25,58,3281,,,,,,,,,,,,,,,,,
2019-11-26,43,2553,,,,,,,,,,,,,,,,,
2019-11-27,42,2562,,,,,,,,,,,,,,,,,
2019-11-28,53,2447,,,,,,,,,,,,,,,,,
2019-11-29,56,2626,,,,,,,,,,,,,,,,,
2019-11-30,25,2160,,,,,,,,,,,,,,,,,
2019-12-01,34,2233,,,,,,,,,,,,,,,,,
2019-12-02,66,3268,,,,,,,,,,,,,,,,,
2019-12-03,52,2730,,,,,,,,,,,,,,,,,
2019-12-04,55,2660,,,,,,,,,,,,,,,,,
2019-12-05,27,2137,,,,,,,,,,,,,,,,,
2019-12-06,61,2885,,,,,,,,,,,,,,,,,
2019-12-07,23,1994,,,,,,,,,,,,,,,,,
2019-12-08,19,1997,,,,,,,,,,,,,,,,,
2019-12-09,59,2918,,,,,,,,,,,,,,,,,
2019-12-10,26,1837,,,,,,,,,,,,,,,,,
2019-12-11,74,2798,,,,,,,,,,,,,,,,,
2019-12-12,46,2351,,,,,,,,,,,,,,,,,
2019-12-13,55,4021,,,,,,,,,,,,,,,,,
2019-12-14,24,3421,,,,,,,,,,,,,,,,,
2019-12-15,40,3153,,,,,,,,,,,,,,,,,
2019-12-16,57,3742,,,,,,,,,,,,,,,,,
2019-12-17,65,3300,,,,,,,,,,,,,,,,,
2019-12-18,58,3227,,,,,,,,,,,,,,,,,
2019-12-19,53,3319,,,,,,,,,,,,,,,,,
2019-12-20,38,3302,,,,,,,,,,,,,,,,,
2019-12-21,28,2910,,,,,,,,,,,,,,,,,
2019-12-22,22,3070,,,,,,,,,,,,,,,,,
2019-12-23,50,3740,,,,,,,,,,,,,,,,,
2019-12-24,59,3295,,,,,,,,,,,,,,,,,
2019-12-25,57,3285,,,,,,,,,,,,,,,,,
2019-12-26,50,3483,,,,,,,,,,,,,,,,,
2019-12-27,43,3777,,,,,,,,,,,,,,,,,
2019-12-28,66,3836,,,,,,,,,,,,,,,,,
2019-12-29,47,3797,,,,,,,,,,,,,,,,,
2019-12-30,48,3589,,,,,,,,,,,,,,,,,
2019-12-31,42,3559,,,,,,,,,,,,,,,,,
2020-01-01,55,4178,,,,,,,,,,,,,,,,,
2020-01-02,45,3161,,,,,,,,,,,,,,,,,
2020-01-03,57,3158,,,,,,,,,,,,,,,,,
2020-01-04,19,2400,,,,,,,,,,,,,,,,,
2020-01-05,16,2467,,,,,,,,,,,,,,,,,
2020-01-06,69,3193,,,,,,,,,,,,,,,,,
2020-01-07,45,3021,,,,,,,,,,,,,,,,,
2020-01-08,43,3003,,,,,,,,,,,,,,,,,
2020-01-09,45,2836,,,,,,,,,,,,,,,,,
2020-01-10,50,3074,,,,,,,,,,,,,,,,,
2020-01-11,21,2663,,,,,,,,,,,,,,,,,
2020-01-12,24,2621,,,,,,,,,,,,,,,,,
2020-01-13,56,3744,,,,,,,,,,,,,,,,,
2020-01-14,53,2978,,,,,,,,,,,,,,,,,
2020-01-15,52,2844,,,,,,,,,,,,,,,,,
2020-01-16,42,2960,,,,,,,,,,,,,,,,,
2020-01-17,33,3128,,,,,,,,,,,,,,,,,
2020-01-18,20,2669,,,,,,,,,,,,,,,,,
2020-01-19,22,2767,,,,,,,,,,,,,,,,,
2020-01-20,73,3532,,,,,,,,,,,,,,,,,
2020-01-21,49,3138,,,,,,,,,,,,,,,,,
2020-01-22,63,3009,,,,,,,,,,,,,,,,,
2020-01-23,42,3026,,,,,,,,,,,,,,,,,
2020-01-24,52,3094,,,,,,,,,,,,,,,,,
2020-01-25,30,2658,,,,,,,,,,,,,,,,,
2020-01-26,23,2854,,,,,,,,,,,,,,,,,
2020-01-27,77,3701,,,,,,,,,,,,,,,,,
2020-01-28,66,3184,,,,,,,,,,,,,,,,,
2020-01-29,51,3096,,,,,,,,,,,,,,,,,
2020-01-30,42,2953,,,,,,,,,,,,,,,,,
2020-01-31,50,3203,,,,,,,,,,,,,,,,,
2020-02-01,22,2925,,,,,,,,,,,,,,,,,
2020-02-02,25,2947,,,,,,,,,,,,,,,,,
2020-02-03,67,3715,,,,,,,,,,,,,,,,,
2020-02-04,61,3205,,,,,,,,,,,,,,,,,
2020-02-05,42,3000,,,,,,,,,,,,,,,,,
2020-02-06,47,3145,,,,,,,,,,,,,,,,,
2020-02-07,45,3395,,,,,,,,,,,,,,,,,
2020-02-08,32,2866,,,,,,,,,,,,,,,,,
2020-02-09,15,2752,,,,,,,,,,,,,,,,,
2020-02-10,20,2836,,,,,,,,,,,,,,,,,
2020-02-11,71,3529,,,,,,,,,,,,,,,,,
2020-02-12,40,3030,,,,,,,,,,,,,,,,,
2020-02-13,55,3194,,,,,,,,,,,,,,,,,
2020-02-14,41,3153,,,,,,,,,,,,,,,,,
2020-02-15,17,3045,,,,,,,,,,,,,,,,,
2020-02-16,37,3098,,,,,,,,,,,,,,,,,
2020-02-17,73,3634,,,,,,,,,,,,,,,,,
2020-02-18,66,3370,,,,,,,,,,,,,,,,,
2020-02-19,49,3200,,,,,,,,,,,,,,,,,
2020-02-20,50,3002,,,,,,,,,,,,,,,,,
2020-02-21,58,3220,,,,,,,,,,,,,,,,,
2020-02-22,21,2842,,,,,,,,,,,,,,,,,
2020-02-23,19,2853,,,,,,,,,,,,,,,,,
2020-02-24,64,3763,,,,,,,,,,,,,,,,,
2020-02-25,53,3172,,,,,,,,,,,,,,,,,
2020-02-26,46,3053,,,,,,,,,,,,,,,,,
2020-02-27,40,2905,,,,,,,,,,,,,,,,,
2020-02-28,56,3194,,,,,,,,,,,,,,,,,
2020-02-29,32,2912,,,,,,,,,,,,,,,,,
2020-03-01,25,3039,,,,,,,,,,,,,,,,,
2020-03-02,61,3963,,,,,,,,,,,,,,,,,
2020-03-03,70,3382,,,,,,,,,,,,,,,,,
2020-03-04,70,3409,,,,,,,,,,,,,,,,,
2020-03-05,55,3396,,,,,,,,,,,,,,,,,
2020-03-06,43,3528,,,,,,,,,,,,,,,,,
2020-03-07,20,2837,,,,,,,,,,,,,,,,,
2020-03-08,26,2855,,,,,,,,,,,,,,,,,
2020-03-09,90,3555,,,,,,,,,,,,,,,,,
2020-03-10,57,2968,,,,,,,,,,,,,,,,,
2020-03-11,52,3216,,,,,,,,,,,,,,,,,
2020-03-12,64,3112,,,,,,,,,,,,,,,,,
2020-03-13,43,3184,,,,,,,,,,,,,,,,,
2020-03-14,24,2635,,,,,,,,,,,,,,,,,
2020-03-15,19,3031,,,,,,,,,,,,,,,,,
2020-03-16,52,3450,,,,,,,,,,,,,,,,,
2020-03-17,49,2791,,,,,,,,,,,,,,,,,
2020-03-18,55,2864,,,,,,,,,,,,,,,,,
2020-03-19,36,2762,,,,,,,,,,,,,,,,,
2020-03-20,56,2613,,,,,,,,,,,,,,,,,
2020-03-21,22,2418,,,,,,,,,,,,,,,,,
2020-03-22,25,2214,,,,,,,,,,,,,,,,,
2020-03-23,47,2787,,,,,,,,,,,,,,,,,
2020-03-24,53,2415,,,,,,,,,,,,,,,,,
2020-03-25,30,2266,,,,,,,,,,,,,,,,,
2020-03-26,44,2143,,,,,,,,,,,,,,,,,
2020-03-27,28,2051,,,,,,,,,,,,,,,,,
2020-03-28,18,1708,,,,,,,,,,,,,,,,,
2020-03-29,10,1558,,,,,,,,,,,,,,,,,
2020-03-30,53,2351,,,,,,,,,,,,,,,,,
2020-03-31,43,1823,,,,,,,,,,,,,,,,,
2020-04-01,45,2097,,,,,,,,,,,,,,,,,
2020-04-02,42,2011,,,,,,,,,,,,,,,,,
2020-04-03,34,1980,,,,,,,,,,,,,,,,,
2020-04-04,21,1546,,,,,,,,,,,,,,,,,
2020-04-05,13,1500,,,,,,,,,,,,,,,,,
2020-04-06,11,1530,,,,,,,,,,,,,,,,,
2020-04-07,38,2036,,,,,,,,,,,,,,,,,
2020-04-08,43,1923,,,,,,,,,,,,,,,,,
2020-04-09,20,1910,,,,,,,,,,,,,,,,,
2020-04-10,17,1837,,,,,,,,,,,,,,,,,
2020-04-11,17,1456,,,,,,,,,,,,,,,,,
2020-04-12,21,1422,,,,,,,,,,,,,,,,,
2020-04-13,22,2224,,,,,,,,,,,,,,,,,
2020-04-14,15,1764,,,,,,,,,,,,,,,,,
2020-04-15,19,1704,,,,,,,,,,,,,,,,,
2020-04-16,15,1749,,,,,,,,,,,,,,,,,
2020-04-17,31,1680,,,,,,,,,,,,,,,,,
2020-04-18,13,1297,,,,,,,,,,,,,,,,,
2020-04-19,8,1294,,,,,,,,,,,,,,,,,
2020-04-20,36,1968,,,,,,,,,,,,,,,,,
2020-04-21,29,1847,,,,,,,,,,,,,,,,,
2020-04-22,18,1727,,,,,,,,,,,,,,,,,
2020-04-23,22,1774,,,,,,,,,,,,,,,,,
2020-04-24,30,1808,,,,,,,,,,,,,,,,,
2020-04-25,6,1603,,,,,,,,,,,,,,,,,
2020-04-26,15,1440,,,,,,,,,,,,,,,,,
2020-04-27,37,2076,,,,,,,,,,,,,,,,,
2020-04-28,33,1741,,,,,,,,,,,,,,,,,
2020-04-29,30,1662,,,,,,,,,,,,,,,,,
2020-04-30,36,1858,,,,,,,,,,,,,,,,,
2020-05-01,15,1881,,,,,,,,,,,,,,,,,
2020-05-02,18,1595,,,,,,,,,,,,,,,,,
2020-05-03,23,1736,,,,,,,,,,,,,,,,,
2020-05-04,16,2019,,,,,,,,,,,,,,,,,
2020-05-05,63,2634,,,,,,,,,,,,,,,,,
2020-05-06,29,1954,,,,,,,,,,,,,,,,,
2020-05-07,36,2497,,,,,,,,,,,,,,,,,
2020-05-08,43,2241,,,,,,,,,,,,,,,,,
2020-05-09,25,1922,,,,,,,,,,,,,,,,,
2020-05-10,21,1933,,,,,,,,,,,,,,,,,
2020-05-11,32,2006,,,,,,,,,,,,,,,,,
2020-05-12,47,2407,,,,,,,,,,,,,,,,,
2020-05-13,45,2318,,,,,,,,,,,,,,,,,
2020-05-14,44,2209,,,,,,,,,,,,,,,,,
2020-05-15,42,2289,,,,,,,,,,,,,,,,,
2020-05-16,20,1901,,,,,,,,,,,,,,,,,
2020-05-17,15,1931,,,,,,,,,,,,,,,,,
2020-05-18,51,2929,,,,,,,,,,,,,,,,,
2020-05-19,32,2287,,,,,,,,,,,,,,,,,
2020-05-20,37,2369,,,,,,,,,,,,,,,,,
2020-05-21,26,2371,,,,,,,,,,,,,,,,,
2020-05-22,40,2322,,,,,,,,,,,,,,,,,
2020-05-23,19,1718,,,,,,,,,,,,,,,,,
2020-05-24,18,1855,,,,,,,,,,,,,,,,,
2020-05-25,48,2708,,,,,,,,,,,,,,,,,
2020-05-26,32,2304,,,,,,,,,,,,,,,,,
2020-05-27,40,2320,,,,,,,,,,,,,,,,,
2020-05-28,42,2291,,,,,,,,,,,,,,,,,
2020-05-29,35,2414,,,,,,,,,,,,,,,,,
2020-05-30,23,1995,,,,,,,,,,,,,,,,,
2020-05-31,27,2175,,,,,,,,,,,,,,,,,
2020-06-01,62,2847,,,,,,,,,,,,,,,,,
2020-06-02,36,2564,,,,,,,,,,,,,,,,,
2020-06-03,14,1962,,,,,,,,,,,,,,,,,
2020-06-04,58,2610,,,,,,,,,,,,,,,,,
2020-06-05,36,2350,,,,,,,,,,,,,,,,,
2020-06-06,16,1998,,,,,,,,,,,,,,,,,
2020-06-07,18,1998,,,,,,,,,,,,,,,,,
2020-06-08,69,2854,,,,,,,,,,,,,,,,,
2020-06-09,30,2591,,,,,,,,,,,,,,,,,
2020-06-10,41,2276,,,,,,,,,,,,,,,,,
2020-06-11,43,2442,,,,,,,,,,,,,,,,,
2020-06-12,46,2536,,,,,,,,,,,,,,,,,
2020-06-13,19,1955,,,,,,,,,,,,,,,,,
2020-06-14,12,2014,,,,,,,,,,,,,,,,,
2020-06-15,69,2943,,,,,,,,,,,,,,,,,
2020-06-16,47,2448,,,,,,,,,,,,,,,,,
2020-06-17,41,2382,,,,,,,,,,,,,,,,,
2020-06-18,47,2384,,,,,,,,,,,,,,,,,
2020-06-19,31,2453,,,,,,,,,,,,,,,,,
2020-06-20,12,1743,,,,,,,,,,,,,,,,,
2020-06-21,29,2322,,,,,,,,,,,,,,,,,
2020-06-22,46,3113,,,,,,,,,,,,,,,,,
2020-06-23,40,2557,,,,,,,,,,,,,,,,,
2020-06-24,57,2752,,,,,,,,,,,,,,,,,
2020-06-25,43,2452,,,,,,,,,,,,,,,,,
2020-06-26,41,2594,,,,,,,,,,,,,,,,,
2020-06-27,20,2241,,,,,,,,,,,,,,,,,
2020-06-28,20,2185,,,,,,,,,,,,,,,,,
2020-06-29,63,2985,,,,,,,,,,,,,,,,,
2020-06-30,51,2638,,,,,,,,,,,,,,,,,
2020-07-01,39,2681,,,,,,,,,,,,,,,,,
2020-07-02,55,2750,,,,,,,,,,,,,,,,,
2020-07-03,45,2943,,,,,,,,,,,,,,,,,
2020-07-04,16,2241,,,,,,,,,,,,,,,,,
2020-07-05,33,2399,,,,,,,,,,,,,,,,,
2020-07-06,25,2303,,,,,,,,,,,,,,,,,
2020-07-07,56,2475,,,,,,,,,,,,,,,,,
2020-07-08,54,3024,,,,,,,,,,,,,,,,,
2020-07-09,38,2696,,,,,,,,,,,,,,,,,
2020-07-10,40,2678,,,,,,,,,,,,,,,,,
2020-07-11,24,2214,,,,,,,,,,,,,,,,,
2020-07-12,19,2392,,,,,,,,,,,,,,,,,
2020-07-13,48,3034,,,,,,,,,,,,,,,,,
2020-07-14,30,2424,,,,,,,,,,,,,,,,,
2020-07-15,38,2115,,,,,,,,,,,,,,,,,
2020-07-16,30,1989,,,,,,,,,,,,,,,,,
2020-07-17,58,2204,,,,,,,,,,,,,,,,,
2020-07-18,18,1730,,,,,,,,,,,,,,,,,
2020-07-19,17,1735,,,,,,,,,,,,,,,,,
2020-07-20,58,2800,,,,,,,,,,,,,,,,,
2020-07-21,48,2228,,,,,,,,,,,,,,,,,
2020-07-22,49,2307,,,,,,,,,,,,,,,,,
2020-07-23,48,2391,,,,,,,,,,,,,,,,,
2020-07-24,29,2372,,,,,,,,,,,,,,,,,
2020-07-25,19,1713,,,,,,,,,,,,,,,,,
2020-07-26,41,1919,,,,,,,,,,,,,,,,,
2020-07-27,29,1915,,,,,,,,,,,,,,,,,
2020-07-28,34,1726,,,,,,,,,,,,,,,,,
2020-07-29,76,2565,,,,,,,,,,,,,,,,,
2020-07-30,65,2314,,,,,,,,,,,,,,,,,
2020-07-31,54,2358,,,,,,,,,,,,,,,,,
2020-08-01,15,1772,,,,,,,,,,,,,,,,,
2020-08-02,23,1797,,,,,,,,,,,,,,,,,
2020-08-03,72,4056,,,,,,,,,,,,,,,,,
2020-08-04,48,2850,,,,,,,,,,,,,,,,,
2020-08-05,41,2740,,,,,,,,,,,,,,,,,
2020-08-06,43,2708,,,,,,,,,,,,,,,,,
2020-08-07,47,2786,,,,,,,,,,,,,,,,,
2020-08-08,25,2611,,,,,,,,,,,,,,,,,
2020-08-09,54,3028,,,,,,,,,,,,,,,,,
2020-08-10,68,3362,,,,,,,,,,,,,,,,,
2020-08-11,76,2876,,,,,,,,,,,,,,,,,
2020-08-12,17,2390,,,,,,,,,,,,,,,,,
2020-08-13,46,3052,,,,,,,,,,,,,,,,,
2020-08-14,41,2735,,,,,,,,,,,,,,,,,
2020-08-15,23,2181,,,,,,,,,,,,,,,,,
2020-08-16,28,2305,,,,,,,,,,,,,,,,,
2020-08-17,43,3149,,,,,,,,,,,,,,,,,
2020-08-18,36,2709,,,,,,,,,,,,,,,,,
2020-08-19,38,2762,,,,,,,,,,,,,,,,,
2020-08-20,26,2806,,,,,,,,,,,,,,,,,
2020-08-21,27,2839,,,,,,,,,,,,,,,,,
2020-08-22,17,2473,,,,,,,,,,,,,,,,,
2020-08-23,17,2402,,,,,,,,,,,,,,,,,
2020-08-24,65,3281,,,,,,,,,,,,,,,,,
2020-08-25,44,2824,,,,,,,,,,,,,,,,,
2020-08-26,47,2959,,,,,,,,,,,,,,,,,
2020-08-27,38,2947,,,,,,,,,,,,,,,,,
2020-08-28,36,2938,,,,,,,,,,,,,,,,,
2020-08-29,24,2808,,,,,,,,,,,,,,,,,
2020-08-30,28,2769,,,,,,,,,,,,,,,,,
2020-08-31,68,3713,,,,,,,,,,,,,,,,,
2020-09-01,45,3135,,,,,,,,,,,,,,,,,
2020-09-02,48,3218,,,,,,,,,,,,,,,,,
2020-09-03,50,3322,,,,,,,,,,,,,,,,,
2020-09-04,27,2718,,,,,,,,,,,,,,,,,
2020-09-05,31,2568,,,,,,,,,,,,,,,,,
2020-09-06,27,2608,,,,,,,,,,,,,,,,,
2020-09-07,24,2692,,,,,,,,,,,,,,,,,
2020-09-08,88,3141,,,,,,,,,,,,,,,,,
2020-09-09,40,2888,,,,,,,,,,,,,,,,,
2020-09-10,44,2870,,,,,,,,,,,,,,,,,
2020-09-11,47,2925,,,,,,,,,,,,,,,,,
2020-09-12,18,2631,,,,,,,,,,,,,,,,,
2020-09-13,17,2522,,,,,,,,,,,,,,,,,
2020-09-14,42,3314,,,,,,,,,,,,,,,,,
2020-09-15,50,2846,,,,,,,,,,,,,,,,,
2020-09-16,65,2901,,,,,,,,,,,,,,,,,
2020-09-17,51,2996,,,,,,,,,,,,,,,,,
2020-09-18,34,2782,,,,,,,,,,,,,,,,,
2020-09-19,17,2664,,,,,,,,,,,,,,,,,
2020-09-20,18,2383,,,,,,,,,,,,,,,,,
2020-09-21,70,3145,,,,,,,,,,,,,,,,,
2020-09-22,47,2951,,,,,,,,,,,,,,,,,
2020-09-23,35,2626,,,,,,,,,,,,,,,,,
2020-09-24,44,2867,,,,,,,,,,,,,,,,,
2020-09-25,35,3075,,,,,,,,,,,,,,,,,
2020-09-26,29,2704,,,,,,,,,,,,,,,,,
2020-09-27,27,2636,,,,,,,,,,,,,,,,,
2020-09-28,56,3347,,,,,,,,,,,,,,,,,
2020-09-29,45,2958,,,,,,,,,,,,,,,,,
2020-09-30,39,3031,,,,,,,,,,,,,,,,,
2020-10-01,42,3312,,,,,,,,,,,,,,,,,
2020-10-02,57,3430,,,,,,,,,,,,,,,,,
2020-10-03,30,2696,,,,,,,,,,,,,,,,,
2020-10-04,21,2905,,,,,,,,,,,,,,,,,
2020-10-05,69,3576,,,,,,,,,,,,,,,,,
2020-10-06,57,3185,,,,,,,,,,,,,,,,,
2020-10-07,56,2915,,,,,,,,,,,,,,,,,
2020-10-08,47,2868,,,,,,,,,,,,,,,,,
2020-10-09,31,2862,,,,,,,,,,,,,,,,,
2020-10-10,22,2686,,,,,,,,,,,,,,,,,
2020-10-11,45,2308,,,,,,,,,,,,,,,,,
2020-10-12,65,3868,,,,,,,,,,,,,,,,,
2020-10-13,31,2273,,,,,,,,,,,,,,,,,
2020-10-14,74,3083,,,,,,,,,,,,,,,,,
2020-10-15,43,2947,,,,,,,,,,,,,,,,,
2020-10-16,40,2914,,,,,,,,,,,,,,,,,
2020-10-17,17,2575,,,,,,,,,,,,,,,,,
2020-10-18,17,2906,,,,,,,,,,,,,,,,,
2020-10-19,48,3208,,,,,,,,,,,,,,,,,
2020-10-20,50,2817,,,,,,,,,,,,,,,,,
2020-10-21,44,2752,,,,,,,,,,,,,,,,,
2020-10-22,52,3064,,,,,,,,,,,,,,,,,
2020-10-23,16,2670,,,,,,,,,,,,,,,,,
2020-10-24,29,2832,,,,,,,,,,,,,,,,,
2020-10-25,27,3102,,,,,,,,,,,,,,,,,
2020-10-26,69,3672,,,,,,,,,,,,,,,,,
2020-10-27,51,3015,,,,,,,,,,,,,,,,,
2020-10-28,55,3024,,,,,,,,,,,,,,,,,
2020-10-29,42,3151,,,,,,,,,,,,,,,,,
2020-10-30,40,2844,,,,,,,,,,,,,,,,,
2020-10-31,29,2711,,,,,,,,,,,,,,,,,
2020-11-01,27,3077,,,,,,,,,,,,,,,,,
2020-11-02,72,3933,,,,,,,,,,,,,,,,,
2020-11-03,56,3175,,,,,,,,,,,,,,,,,
2020-11-04,48,3123,,,,,,,,,,,,,,,,,
2020-11-05,52,2983,,,,,,,,,,,,,,,,,
2020-11-06,40,3232,,,,,,,,,,,,,,,,,
2020-11-07,23,2912,,,,,,,,,,,,,,,,,
2020-11-08,33,2907,,,,,,,,,,,,,,,,,
2020-11-09,78,3733,,,,,,,,,,,,,,,,,
2020-11-10,55,2882,,,,,,,,,,,,,,,,,
2020-11-11,46,2765,,,,,,,,,,,,,,,,,
2020-11-12,40,2719,,,,,,,,,,,,,,,,,
2020-11-13,46,2796,,,,,,,,,,,,,,,,,
2020-11-14,29,2972,,,,,,,,,,,,,,,,,
2020-11-15,26,3029,,,,,,,,,,,,,,,,,
2020-11-16,60,3647,,,,,,,,,,,,,,,,,
2020-11-17,53,3271,,,,,,,,,,,,,,,,,
2020-11-18,45,3187,,,,,,,,,,,,,,,,,
2020-11-19,53,2861,,,,,,,,,,,,,,,,,
2020-11-20,48,2928,,,,,,,,,,,,,,,,,
2020-11-21,42,2877,,,,,,,,,,,,,,,,,
2020-11-22,32,2909,,,,,,,,,,,,,,,,,
2020-11-23,79,3632,,,,,,,,,,,,,,,,,
2020-11-24,73,3329,,,,,,,,,,,,,,,,,
2020-11-25,43,3011,,,,,,,,,,,,,,,,,
2020-11-26,55,3094,,,,,,,,,,,,,,,,,
2020-11-27,45,3177,,,,,,,,,,,,,,,,,
2020-11-28,41,2756,,,,,,,,,,,,,,,,,
2020-11-29,30,2980,,,,,,,,,,,,,,,,,
2020-11-30,67,3576,,,,,,,,,,,,,,,,,
2020-12-01,68,3378,,,,,,,,,,,,,,,,,
2020-12-02,50,3165,,,,,,,,,,,,,,,,,
2020-12-03,52,3302,,,,,,,,,,,,,,,,,
2020-12-04,45,2856,,,,,,,,,,,,,,,,,
2020-12-05,34,3002,,,,,,,,,,,,,,,,,
2020-12-06,27,2876,,,,,,,,,,,,,,,,,
2020-12-07,28,3686,,,,,,,,,,,,,,,,,
2020-12-08,75,3578,,,,,,,,,,,,,,,,,
2020-12-09,51,3224,,,,,,,,,,,,,,,,,
2020-12-10,31,2943,,,,,,,,,,,,,,,,,
2020-12-11,52,2904,,,,,,,,,,,,,,,,,
2020-12-12,51,2864,,,,,,,,,,,,,,,,,
2020-12-13,52,3066,,,,,,,,,,,,,,,,,
2020-12-14,94,3695,,,,,,,,,,,,,,,,,
2020-12-15,59,3101,,,,,,,,,,,,,,,,,
2020-12-16,49,3106,,,,,,,,,,,,,,,,,
2020-12-17,61,3358,,,,,,,,,,,,,,,,,
2020-12-18,41,3347,,,,,,,,,,,,,,,,,
2020-12-19,29,3168,,,,,,,,,,,,,,,,,
2020-12-20,28,2911,,,,,,,,,,,,,,,,,
2020-12-21,71,3634,,,,,,,,,,,,,,,,,
2020-12-22,47,3155,,,,,,,,,,,,,,,,,
2020-12-23,49,3066,,,,,,,,,,,,,,,,,
2020-12-24,58,2994,,,,,,,,,,,,,,,,,
2020-12-25,51,3332,,,,,,,,,,,,,,,,,
2020-12-26,34,3133,,,,,,,,,,,,,,,,,
2020-12-27,43,2979,,,,,,,,,,,,,,,,,
2020-12-28,68,2846,,,,,,,,,,,,,,,,,
2020-12-29,43,4491,,,,,,,,,,,,,,,,,
2020-12-30,74,3955,,,,,,,,,,,,,,,,,
2020-12-31,67,3834,,,,,,,,,,,,,,,,,
2021-01-01,80,4506,,,,,,,,,,,,,,,,,
2021-01-02,44,2818,,,,,,,,,,,,,,,,,
2021-01-03,40,2613,,,,,,,,,,,,,,,,,
2021-01-04,22,3050,,,,,,,,,,,,,,,,,
2021-01-05,35,2406,,,,,,,,,,,,,,,,,
2021-01-06,33,2329,,,,,,,,,,,,,,,,,
2021-01-07,46,2484,,,,,,,,,,,,,,,,,
2021-01-08,46,2573,,,,,,,,,,,,,,,,,
2021-01-09,26,2237,,,,,,,,,,,,,,,,,
2021-01-10,20,2265,,,,,,,,,,,,,,,,,
2021-01-11,46,3053,,,,,,,,,,,,,,,,,
2021-01-12,40,2637,,,,,,,,,,,,,,,,,
2021-01-13,43,2421,,,,,,,,,,,,,,,,,
2021-01-14,33,2621,,,,,,,,,,,,,,,,,
2021-01-15,34,2678,,,,,,,,,,,,,,,,,
2021-01-16,31,2446,,,,,,,,,,,,,,,,,
2021-01-17,30,2397,,,,,,,,,,,,,,,,,
2021-01-18,47,3235,,,,,,,,,,,,,,,,,
2021-01-19,46,2868,,,,,,,,,,,,,,,,,
2021-01-20,48,2571,,,,,,,,,,,,,,,,,
2021-01-21,37,2845,,,,,,,,,,,,,,,,,
2021-01-22,43,2856,,,,,,,,,,,,,,,,,
2021-01-23,29,2490,,,,,,,,,,,,,,,,,
2021-01-24,25,2571,,,,,,,,,,,,,,,,,
2021-01-25,57,3307,,,,,,,,,,,,,,,,,
2021-01-26,57,2729,,,,,,,,,,,,,,,,,
2021-01-27,55,2695,,,,,,,,,,,,,,,,,
2021-01-28,41,2700,,,,,,,,,,,,,,,,,
2021-01-29,46,2887,,,,,,,,,,,,,,,,,
2021-01-30,28,2847,,,,,,,,,,,,,,,,,
2021-01-31,37,2711,,,,,,,,,,,,,,,,,
2021-02-01,62,3525,,,,,,,,,,,,,,,,,
2021-02-02,59,3080,,,,,,,,,,,,,,,,,
2021-02-03,46,3046,,,,,,,,,,,,,,,,,
2021-02-04,42,3089,,,,,,,,,,,,,,,,,
2021-02-05,49,3215,,,,,,,,,,,,,,,,,
2021-02-06,30,2950,,,,,,,,,,,,,,,,,
2021-02-07,30,2778,,,,,,,,,,,,,,,,,
2021-02-08,65,3583,,,,,,,,,,,,,,,,,
2021-02-09,58,3331,,,,,,,,,,,,,,,,,
2021-02-10,34,3104,,,,,,,,,,,,,,,,,
2021-02-11,42,3195,,,,,,,,,,,,,,,,,
2021-02-12,28,2767,,,,,,,,,,,,,,,,,
2021-02-13,29,2686,,,,,,,,,,,,,,,,,
2021-02-14,34,2681,,,,,,,,,,,,,,,,,
2021-02-15,69,3684,,,,,,,,,,,,,,,,,
2021-02-16,44,2932,,,,,,,,,,,,,,,,,
2021-02-17,56,3060,,,,,,,,,,,,,,,,,
2021-02-18,45,3017,,,,,,,,,,,,,,,,,
2021-02-19,54,3135,,,,,,,,,,,,,,,,,
2021-02-20,36,3032,,,,,,,,,,,,,,,,,
2021-02-21,24,2953,,,,,,,,,,,,,,,,,
2021-02-22,77,3590,,,,,,,,,,,,,,,,,
2021-02-23,53,3011,,,,,,,,,,,,,,,,,
2021-02-24,42,2857,,,,,,,,,,,,,,,,,
2021-02-25,43,3196,,,,,,,,,,,,,,,,,
2021-02-26,54,3009,,,,,,,,,,,,,,,,,
2021-02-27,20,2748,,,,,,,,,,,,,,,,,
2021-02-28,23,2874,,,,,,,,,,,,,,,,,
2021-03-01,70,3755,,,,,,,,,,,,,,,,,
2021-03-02,72,3229,,,,,,,,,,,,,,,,,
2021-03-03,65,3144,,,,,,,,,,,,,,,,,
2021-03-04,48,3184,,,,,,,,,,,,,,,,,
2021-03-05,57,3432,,,,,,,,,,,,,,,,,
2021-03-06,28,2977,,,,,,,,,,,,,,,,,
2021-03-07,33,3074,,,,,,,,,,,,,,,,,
2021-03-08,90,3583,,,,,,,,,,,,,,,,,
2021-03-09,74,3123,,,,,,,,,,,,,,,,,
2021-03-10,47,3027,,,,,,,,,,,,,,,,,
2021-03-11,47,3125,,,,,,,,,,,,,,,,,
2021-03-12,58,3144,,,,,,,,,,,,,,,,,
2021-03-13,26,2770,,,,,,,,,,,,,,,,,
2021-03-14,25,2910,,,,,,,,,,,,,,,,,
2021-03-15,63,3598,,,,,,,,,,,,,,,,,
2021-03-16,59,3042,,,,,,,,,,,,,,,,,
2021-03-17,49,2942,,,,,,,,,,,,,,,,,
2021-03-18,50,3196,,,,,,,,,,,,,,,,,
2021-03-19,45,3175,,,,,,,,,,,,,,,,,
2021-03-20,20,2181,,,,,,,,,,,,,,,,,
2021-03-21,19,2076,,,,,,,,,,,,,,,,,
2021-03-22,57,3173,,,,,,,,,,,,,,,,,
2021-03-23,44,2902,,,,,,,,,,,,,,,,,
2021-03-24,44,2921,,,,,,,,,,,,,,,,,
2021-03-25,45,2981,,,,,,,,,,,,,,,,,
2021-03-26,48,3180,,,,,,,,,,,,,,,,,
2021-03-27,25,2775,,,,,,,,,,,,,,,,,
2021-03-28,52,2812,,,,,,,,,,,,,,,,,
2021-03-29,71,3833,,,,,,,,,,,,,,,,,
2021-03-30,44,3014,,,,,,,,,,,,,,,,,
2021-03-31,38,3207,,,,,,,,,,,,,,,,,
2021-04-01,29,3243,,,,,,,,,,,,,,,,,
2021-04-02,65,3426,,,,,,,,,,,,,,,,,
2021-04-03,30,2848,,,,,,,,,,,,,,,,,
2021-04-04,22,3051,,,,,,,,,,,,,,,,,
2021-04-05,65,3506,,,,,,,,,,,,,,,,,
2021-04-06,19,2384,,,,,,,,,,,,,,,,,
2021-04-07,49,3011,,,,,,,,,,,,,,,,,
2021-04-08,44,2806,,,,,,,,,,,,,,,,,
2021-04-09,58,2935,,,,,,,,,,,,,,,,,
2021-04-10,39,2843,,,,,,,,,,,,,,,,,
2021-04-11,50,2666,,,,,,,,,,,,,,,,,
2021-04-12,81,2732,,,,,,,,,,,,,,,,,
2021-04-13,60,2796,,,,,,,,,,,,,,,,,
2021-04-14,63,2564,,,,,,,,,,,,,,,,,
2021-04-15,41,2349,,,,,,,,,,,,,,,,,
2021-04-16,67,2562,,,,,,,,,,,,,,,,,
2021-04-17,24,1846,,,,,,,,,,,,,,,,,
2021-04-18,12,1663,,,,,,,,,,,,,,,,,
2021-04-19,44,2394,,,,,,,,,,,,,,,,,
2021-04-20,39,2159,,,,,,,,,,,,,,,,,
2021-04-21,36,1925,,,,,,,,,,,,,,,,,
2021-04-22,36,1979,,,,,,,,,,,,,,,,,
2021-04-23,35,2090,,,,,,,,,,,,,,,,,
2021-04-24,17,1693,,,,,,,,,,,,,,,,,
2021-04-25,15,1754,,,,,,,,,,,,,,,,,
2021-04-26,47,2191,,,,,,,,,,,,,,,,,
2021-04-27,36,1923,,,,,,,,,,,,,,,,,
2021-04-28,35,1927,,,,,,,,,,,,,,,,,
2021-04-29,36,1816,,,,,,,,,,,,,,,,,
2021-04-30,47,1977,,,,,,,,,,,,,,,,,
2021-05-01,16,1678,,,,,,,,,,,,,,,,,
2021-05-02,19,1692,,,,,,,,,,,,,,,,,
2021-05-03,21,2232,,,,,,,,,,,,,,,,,
2021-05-04,19,1558,,,,,,,,,,,,,,,,,
2021-05-05,53,2020,,,,,,,,,,,,,,,,,
2021-05-06,40,2001,,,,,,,,,,,,,,,,,
2021-05-07,39,2088,,,,,,,,,,,,,,,,,
2021-05-08,20,1547,,,,,,,,,,,,,,,,,
2021-05-09,19,1758,,,,,,,,,,,,,,,,,
2021-05-10,37,1982,,,,,,,,,,,,,,,,,
2021-05-11,48,2334,,,,,,,,,,,,,,,,,
2021-05-12,37,2094,,,,,,,,,,,,,,,,,
2021-05-13,45,2044,,,,,,,,,,,,,,,,,
2021-05-14,43,2100,,,,,,,,,,,,,,,,,
2021-05-15,17,1708,,,,,,,,,,,,,,,,,
2021-05-16,17,1820,,,,,,,,,,,,,,,,,
2021-05-17,42,2418,,,,,,,,,,,,,,,,,
2021-05-18,48,2141,,,,,,,,,,,,,,,,,
2021-05-19,38,2145,,,,,,,,,,,,,,,,,
2021-05-20,40,2137,,,,,,,,,,,,,,,,,
2021-05-21,48,2293,,,,,,,,,,,,,,,,,
2021-05-22,18,2087,,,,,,,,,,,,,,,,,
2021-05-23,17,1929,,,,,,,,,,,,,,,,,
2021-05-24,62,2384,,,,,,,,,,,,,,,,,
2021-05-25,47,2125,,,,,,,,,,,,,,,,,
2021-05-26,22,1651,,,,,,,,,,,,,,,,,
2021-05-27,31,2303,,,,,,,,,,,,,,,,,
2021-05-28,48,2364,,,,,,,,,,,,,,,,,
2021-05-29,21,1898,,,,,,,,,,,,,,,,,
2021-05-30,21,1918,,,,,,,,,,,,,,,,,
2021-05-31,55,2631,,,,,,,,,,,,,,,,,
2021-06-01,52,2429,,,,,,,,,,,,,,,,,
2021-06-02,38,2403,,,,,,,,,,,,,,,,,
2021-06-03,19,1943,,,,,,,,,,,,,,,,,
2021-06-04,48,2526,,,,,,,,,,,,,,,,,
2021-06-05,18,1911,,,,,,,,,,,,,,,,,
2021-06-06,18,1996,,,,,,,,,,,,,,,,,
2021-06-07,42,2497,,,,,,,,,,,,,,,,,
2021-06-08,45,2103,,,,,,,,,,,,,,,,,
2021-06-09,48,2100,,,,,,,,,,,,,,,,,
2021-06-10,32,2039,,,,,,,,,,,,,,,,,
2021-06-11,40,2142,,,,,,,,,,,,,,,,,
2021-06-12,17,1766,,,,,,,,,,,,,,,,,
2021-06-13,18,1820,,,,,,,,,,,,,,,,,
2021-06-14,41,2382,,,,,,,,,,,,,,,,,
2021-06-15,49,2166,,,,,,,,,,,,,,,,,
2021-06-16,40,2235,,,,,,,,,,,,,,,,,
2021-06-17,42,2226,,,,,,,,,,,,,,,,,
2021-06-18,32,2299,,,,,,,,,,,,,,,,,
2021-06-19,14,2044,,,,,,,,,,,,,,,,,
2021-06-20,23,2166,,,,,,,,,,,,,,,,,
2021-06-21,50,2574,,,,,,,,,,,,,,,,,
2021-06-22,38,2308,,,,,,,,,,,,,,,,,
2021-06-23,36,2332,,,,,,,,,,,,,,,,,
2021-06-24,33,2156,,,,,,,,,,,,,,,,,
2021-06-25,30,2260,,,,,,,,,,,,,,,,,
2021-06-26,28,1905,,,,,,,,,,,,,,,,,
2021-06-27,26,2024,,,,,,,,,,,,,,,,,
2021-06-28,45,2561,,,,,,,,,,,,,,,,,
2021-06-29,36,2239,,,,,,,,,,,,,,,,,
2021-06-30,48,2327,,,,,,,,,,,,,,,,,
2021-07-01,37,2324,,,,,,,,,,,,,,,,,
2021-07-02,39,2536,,,,,,,,,,,,,,,,,
2021-07-03,17,1968,,,,,,,,,,,,,,,,,
2021-07-04,17,1979,,,,,,,,,,,,,,,,,
2021-07-05,48,2371,,,,,,,,,,,,,,,,,
2021-07-06,42,2021,,,,,,,,,,,,,,,,,
2021-07-07,37,2003,,,,,,,,,,,,,,,,,
2021-07-08,24,1909,,,,,,,,,,,,,,,,,
2021-07-09,43,2149,,,,,,,,,,,,,,,,,
2021-07-10,23,1701,,,,,,,,,,,,,,,,,
2021-07-11,16,1482,,,,,,,,,,,,,,,,,
2021-07-12,41,2039,,,,,,,,,,,,,,,,,
2021-07-13,45,1670,,,,,,,,,,,,,,,,,
2021-07-14,27,1800,,,,,,,,,,,,,,,,,
2021-07-15,32,1771,,,,,,,,,,,,,,,,,
2021-07-16,21,1746,,,,,,,,,,,,,,,,,
2021-07-17,14,1592,,,,,,,,,,,,,,,,,
2021-07-18,19,1587,,,,,,,,,,,,,,,,,
2021-07-19,42,1916,,,,,,,,,,,,,,,,,
2021-07-20,39,1760,,,,,,,,,,,,,,,,,
2021-07-21,24,1706,,,,,,,,,,,,,,,,,
2021-07-22,21,1640,,,,,,,,,,,,,,,,,
2021-07-23,26,1791,,,,,,,,,,,,,,,,,
2021-07-24,10,1309,,,,,,,,,,,,,,,,,
2021-07-25,15,1137,,,,,,,,,,,,,,,,,
2021-07-26,11,1339,,,,,,,,,,,,,,,,,
2021-07-27,31,1617,,,,,,,,,,,,,,,,,
2021-07-28,11,1269,,,,,,,,,,,,,,,,,
2021-07-29,29,1140,,,,,,,,,,,,,,,,,
2021-07-30,30,1555,,,,,,,,,,,,,,,,,
2021-07-31,9,1499,,,,,,,,,,,,,,,,,
2021-08-01,12,1422,,,,,,,,,,,,,,,,,
2021-08-02,40,1977,,,,,,,,,,,,,,,,,
2021-08-03,37,1727,,,,,,,,,,,,,,,,,
2021-08-04,28,1670,,,,,,,,,,,,,,,,,
2021-08-05,16,1669,,,,,,,,,,,,,,,,,
2021-08-06,20,1637,,,,,,,,,,,,,,,,,
2021-08-07,15,1378,,,,,,,,,,,,,,,,,
2021-08-08,18,1413,,,,,,,,,,,,,,,,,
2021-08-09,33,1883,,,,,,,,,,,,,,,,,
2021-08-10,29,1653,,,,,,,,,,,,,,,,,
2021-08-11,21,1785,,,,,,,,,,,,,,,,,
2021-08-12,18,1398,,,,,,,,,,,,,,,,,
2021-08-13,31,1823,,,,,,,,,,,,,,,,,
2021-08-14,9,1400,,,,,,,,,,,,,,,,,
2021-08-15,10,1250,,,,,,,,,,,,,,,,,
2021-08-16,27,1750,,,,,,,,,,,,,,,,,
2021-08-17,32,1736,,,,,,,,,,,,,,,,,
2021-08-18,30,1643,,,,,,,,,,,,,,,,,
2021-08-19,20,1662,,,,,,,,,,,,,,,,,
2021-08-20,29,1824,,,,,,,,,,,,,,,,,
2021-08-21,13,1688,,,,,,,,,,,,,,,,,
2021-08-22,14,1435,,,,,,,,,,,,,,,,,
2021-08-23,43,1975,,,,,,,,,,,,,,,,,
2021-08-24,29,1732,,,,,,,,,,,,,,,,,
2021-08-25,18,1702,,,,,,,,,,,,,,,,,
2021-08-26,19,1772,,,,,,,,,,,,,,,,,
2021-08-27,27,1688,,,,,,,,,,,,,,,,,
2021-08-28,11,1397,,,,,,,,,,,,,,,,,
2021-08-29,17,1538,,,,,,,,,,,,,,,,,
2021-08-30,33,1996,,,,,,,,,,,,,,,,,
2021-08-31,33,1776,,,,,,,,,,,,,,,,,
2021-09-01,29,1916,,,,,,,,,,,,,,,,,
2021-09-02,22,1933,,,,,,,,,,,,,,,,,
2021-09-03,25,1848,,,,,,,,,,,,,,,,,
2021-09-04,19,1594,,,,,,,,,,,,,,,,,
2021-09-05,22,1674,,,,,,,,,,,,,,,,,
2021-09-06,40,2231,,,,,,,,,,,,,,,,,
2021-09-07,32,1982,,,,,,,,,,,,,,,,,
2021-09-08,30,1774,,,,,,,,,,,,,,,,,
2021-09-09,22,1722,,,,,,,,,,,,,,,,,
2021-09-10,36,1913,,,,,,,,,,,,,,,,,
2021-09-11,13,1486,,,,,,,,,,,,,,,,,
2021-09-12,21,1777,,,,,,,,,,,,,,,,,
2021-09-13,56,2200,,,,,,,,,,,,,,,,,
2021-09-14,40,1843,,,,,,,,,,,,,,,,,
2021-09-15,38,1884,,,,,,,,,,,,,,,,,
2021-09-16,33,1968,,,,,,,,,,,,,,,,,
2021-09-17,38,2030,,,,,,,,,,,,,,,,,
2021-09-18,13,1788,,,,,,,,,,,,,,,,,
2021-09-19,19,1645,,,,,,,,,,,,,,,,,
2021-09-20,46,2200,,,,,,,,,,,,,,,,,
2021-09-21,24,1963,,,,,,,,,,,,,,,,,
2021-09-22,23,1998,,,,,,,,,,,,,,,,,
2021-09-23,34,1899,,,,,,,,,,,,,,,,,
2021-09-24,12,1550,,,,,,,,,,,,,,,,,
2021-09-25,24,1625,,,,,,,,,,,,,,,,,
2021-09-26,21,1519,,,,,,,,,,,,,,,,,
2021-09-27,37,2095,,,,,,,,,,,,,,,,,
2021-09-28,29,1915,,,,,,,,,,,,,,,,,
2021-09-29,33,1977,,,,,,,,,,,,,,,,,
2021-09-30,42,2148,,,,,,,,,,,,,,,,,
2021-10-01,33,2338,,,,,,,,,,,,,,,,,
2021-10-02,17,2038,,,,,,,,,,,,,,,,,
2021-10-03,19,1971,,,,,,,,,,,,,,,,,
2021-10-04,66,2639,,,,,,,,,,,,,,,,,
2021-10-05,47,2326,,,,,,,,,,,,,,,,,
2021-10-06,48,2152,,,,,,,,,,,,,,,,,
2021-10-07,47,2110,,,,,,,,,,,,,,,,,
2021-10-08,39,2075,,,,,,,,,,,,,,,,,
2021-10-09,15,1826,,,,,,,,,,,,,,,,,
2021-10-10,16,1892,,,,,,,,,,,,,,,,,
2021-10-11,42,2440,,,,,,,,,,,,,,,,,
2021-10-12,56,2146,,,,,,,,,,,,,,,,,
2021-10-13,16,1677,,,,,,,,,,,,,,,,,
2021-10-14,48,2169,,,,,,,,,,,,,,,,,
2021-10-15,34,1952,,,,,,,,,,,,,,,,,
2021-10-16,8,1736,,,,,,,,,,,,,,,,,
2021-10-17,15,1538,,,,,,,,,,,,,,,,,
2021-10-18,45,2158,,,,,,,,,,,,,,,,,
2021-10-19,42,1978,,,,,,,,,,,,,,,,,
2021-10-20,38,2065,,,,,,,,,,,,,,,,,
2021-10-21,28,2136,,,,,,,,,,,,,,,,,
2021-10-22,15,1875,,,,,,,,,,,,,,,,,
2021-10-23,16,1809,,,,,,,,,,,,,,,,,
2021-10-24,15,1954,,,,,,,,,,,,,,,,,
2021-10-25,44,2432,,,,,,,,,,,,,,,,,
2021-10-26,39,1829,,,,,,,,,,,,,,,,,
2021-10-27,46,2545,,,,,,,,,,,,,,,,,
2021-10-28,31,2219,,,,,,,,,,,,,,,,,
2021-10-29,46,2202,,,,,,,,,,,,,,,,,
2021-10-30,12,2265,,,,,,,,,,,,,,,,,
2021-10-31,32,2119,,,,,,,,,,,,,,,,,
2021-11-01,51,2680,,,,,,,,,,,,,,,,,
2021-11-02,40,2631,,,,,,,,,,,,,,,,,
2021-11-03,41,2361,,,,,,,,,,,,,,,,,
2021-11-04,34,2348,,,,,,,,,,,,,,,,,
2021-11-05,57,2431,,,,,,,,,,,,,,,,,
2021-11-06,27,2107,,,,,,,,,,,,,,,,,
2021-11-07,17,2148,,,,,,,,,,,,,,,,,
2021-11-08,62,2835,,,,,,,,,,,,,,,,,
2021-11-09,29,2323,,,,,,,,,,,,,,,,,
2021-11-10,44,2432,,,,,,,,,,,,,,,,,
2021-11-11,42,2381,,,,,,,,,,,,,,,,,
2021-11-12,49,2414,,,,,,,,,,,,,,,,,
2021-11-13,25,2077,,,,,,,,,,,,,,,,,
2021-11-14,20,2130,,,,,,,,,,,,,,,,,
2021-11-15,51,2655,,,,,,,,,,,,,,,,,
2021-11-16,65,2402,,,,,,,,,,,,,,,,,
2021-11-17,38,2455,,,,,,,,,,,,,,,,,
2021-11-18,47,2494,,,,,,,,,,,,,,,,,
2021-11-19,47,2755,,,,,,,,,,,,,,,,,
2021-11-20,36,2881,,,,,,,,,,,,,,,,,
2021-11-21,29,2335,,,,,,,,,,,,,,,,,
2021-11-22,68,3009,,,,,,,,,,,,,,,,,
2021-11-23,47,2520,,,,,,,,,,,,,,,,,
2021-11-24,46,2640,,,,,,,,,,,,,,,,,
2021-11-25,36,2513,,,,,,,,,,,,,,,,,
2021-11-26,49,2632,,,,,,,,,,,,,,,,,
2021-11-27,16,2468,,,,,,,,,,,,,,,,,
2021-11-28,29,2718,,,,,,,,,,,,,,,,,
2021-11-29,70,3411,,,,,,,,,,,,,,,,,
2021-11-30,57,2690,,,,,,,,,,,,,,,,,
2021-12-01,43,2474,,,,,,,,,,,,,,,,,
2021-12-02,44,2729,,,,,,,,,,,,,,,,,
2021-12-03,54,2782,,,,,,,,,,,,,,,,,
2021-12-04,26,2620,,,,,,,,,,,,,,,,,
2021-12-05,18,2515,,,,,,,,,,,,,,,,,
2021-12-06,23,2496,,,,,,,,,,,,,,,,,
2021-12-07,58,3287,,,,,,,,,,,,,,,,,
2021-12-08,59,2743,,,,,,,,,,,,,,,,,
2021-12-09,47,2809,,,,,,,,,,,,,,,,,
2021-12-10,38,2341,,,,,,,,,,,,,,,,,
2021-12-11,21,2589,,,,,,,,,,,,,,,,,
2021-12-12,21,2536,,,,,,,,,,,,,,,,,
2021-12-13,75,3322,,,,,,,,,,,,,,,,,
2021-12-14,56,2967,,,,,,,,,,,,,,,,,
2021-12-15,61,2928,,,,,,,,,,,,,,,,,
2021-12-16,53,2883,,,,,,,,,,,,,,,,,
2021-12-17,57,2983,,,,,,,,,,,,,,,,,
2021-12-18,36,2575,,,,,,,,,,,,,,,,,
2021-12-19,22,2630,,,,,,,,,,,,,,,,,
2021-12-20,71,3227,,,,,,,,,,,,,,,,,
2021-12-21,47,2928,,,,,,,,,,,,,,,,,
2021-12-22,52,2751,,,,,,,,,,,,,,,,,
2021-12-23,34,2860,,,,,,,,,,,,,,,,,
2021-12-24,55,3039,,,,,,,,,,,,,,,,,
2021-12-25,29,2818,,,,,,,,,,,,,,,,,
2021-12-26,34,2935,,,,,,,,,,,,,,,,,
2021-12-27,78,3420,,,,,,,,,,,,,,,,,
2021-12-28,75,3355,,,,,,,,,,,,,,,,,
2021-12-29,76,3447,,,,,,,,,,,,,,,,,
2021-12-30,93,3865,,,,,,,,,,,,,,,,,
2021-12-31,69,3791,,,,,,,,,,,,,,,,,
2022-01-01,90,4337,,,,,,,,,,,,,,,,,
2022-01-02,65,2975,,,,,,,,,,,,,,,,,
2022-01-03,49,2605,,,,,,,,,,,,,,,,,
2022-01-04,70,2931,,,,,,,,,,,,,,,,,
2022-01-05,49,2588,,,,,,,,,,,,,,,,,
2022-01-06,36,2349,,,,,,,,,,,,,,,,,
2022-01-07,53,2661,,,,,,,,,,,,,,,,,
2022-01-08,23,2155,,,,,,,,,,,,,,,,,
2022-01-09,26,2387,,,,,,,,,,,,,,,,,
2022-01-10,53,2881,,,,,,,,,,,,,,,,,
2022-01-11,36,2682,,,,,,,,,,,,,,,,,
2022-01-12,35,2461,,,,,,,,,,,,,,,,,
2022-01-13,39,2523,,,,,,,,,,,,,,,,,
2022-01-14,51,2639,,,,,,,,,,,,,,,,,
2022-01-15,16,2341,,,,,,,,,,,,,,,,,
2022-01-16,29,2544,,,,,,,,,,,,,,,,,
2022-01-17,46,3036,,,,,,,,,,,,,,,,,
2022-01-18,61,2808,,,,,,,,,,,,,,,,,
2022-01-19,28,2575,,,,,,,,,,,,,,,,,
2022-01-20,47,2676,,,,,,,,,,,,,,,,,
2022-01-21,52,2829,,,,,,,,,,,,,,,,,
2022-01-22,26,1771,,,,,,,,,,,,,,,,,
2022-01-23,21,1548,,,,,,,,,,,,,,,,,
2022-01-24,51,2370,,,,,,,,,,,,,,,,,
2022-01-25,47,1987,,,,,,,,,,,,,,,,,
2022-01-26,38,1904,,,,,,,,,,,,,,,,,
2022-01-27,45,1894,,,,,,,,,,,,,,,,,
2022-01-28,35,2393,,,,,,,,,,,,,,,,,
2022-01-29,21,1885,,,,,,,,,,,,,,,,,
2022-01-30,27,3495,,,,,,,,,,,,,,,,,
2022-01-31,58,3318,,,,,,,,,,,,,,,,,
2022-02-01,60,2728,,,,,,,,,,,,,,,,,
2022-02-02,71,2753,,,,,,,,,,,,,,,,,
2022-02-03,43,2870,,,,,,,,,,,,,,,,,
2022-02-04,59,2971,,,,,,,,,,,,,,,,,
2022-02-05,20,2460,,,,,,,,,,,,,,,,,
2022-02-06,19,2362,,,,,,,,,,,,,,,,,
2022-02-07,61,2988,,,,,,,,,,,,,,,,,
2022-02-08,44,2525,,,,,,,,,,,,,,,,,
2022-02-09,41,2517,,,,,,,,,,,,,,,,,
2022-02-10,46,2503,,,,,,,,,,,,,,,,,
2022-02-11,45,2473,,,,,,,,,,,,,,,,,
2022-02-12,18,2162,,,,,,,,,,,,,,,,,
2022-02-13,24,2205,,,,,,,,,,,,,,,,,
2022-02-14,55,2893,,,,,,,,,,,,,,,,,
2022-02-15,40,2251,,,,,,,,,,,,,,,,,
2022-02-16,27,2426,,,,,,,,,,,,,,,,,
2022-02-17,37,2317,,,,,,,,,,,,,,,,,
2022-02-18,24,2394,,,,,,,,,,,,,,,,,
2022-02-19,20,2149,,,,,,,,,,,,,,,,,
2022-02-20,21,2036,,,,,,,,,,,,,,,,,
2022-02-21,67,2579,,,,,,,,,,,,,,,,,
2022-02-22,35,2257,,,,,,,,,,,,,,,,,
2022-02-23,31,2238,,,,,,,,,,,,,,,,,
2022-02-24,42,2328,,,,,,,,,,,,,,,,,
2022-02-25,43,2274,,,,,,,,,,,,,,,,,
2022-02-26,24,1937,,,,,,,,,,,,,,,,,
2022-02-27,31,1932,,,,,,,,,,,,,,,,,
2022-02-28,65,2645,,,,,,,,,,,,,,,,,
2022-03-01,60,2392,,,,,,,,,,,,,,,,,
2022-03-02,45,2526,,,,,,,,,,,,,,,,,
2022-03-03,48,2485,,,,,,,,,,,,,,,,,
2022-03-04,37,2477,,,,,,,,,,,,,,,,,
2022-03-05,21,2067,,,,,,,,,,,,,,,,,
2022-03-06,21,2196,,,,,,,,,,,,,,,,,
2022-03-07,69,2690,,,,,,,,,,,,,,,,,
2022-03-08,44,2364,,,,,,,,,,,,,,,,,
2022-03-09,43,2331,,,,,,,,,,,,,,,,,
2022-03-10,43,2409,,,,,,,,,,,,,,,,,
2022-03-11,31,2338,,,,,,,,,,,,,,,,,
2022-03-12,20,2070,,,,,,,,,,,,,,,,,
2022-03-13,21,2068,,,,,,,,,,,,,,,,,
2022-03-14,65,2474,,,,,,,,,,,,,,,,,
2022-03-15,52,2252,,,,,,,,,,,,,,,,,
2022-03-16,38,2162,,,,,,,,,,,,,,,,,
2022-03-17,40,2223,,,,,,,,,,,,,,,,,
2022-03-18,46,2314,,,,,,,,,,,,,,,,,
2022-03-19,23,1947,,,,,,,,,,,,,,,,,
2022-03-20,19,2217,,,,,,,,,,,,,,,,,
2022-03-21,53,2519,,,,,,,,,,,,,,,,,
2022-03-22,44,2266,,,,,,,,,,,,,,,,,
2022-03-23,40,2218,,,,,,,,,,,,,,,,,
2022-03-24,55,2268,,,,,,,,,,,,,,,,,
2022-03-25,42,2084,,,,,,,,,,,,,,,,,
2022-03-26,15,2055,,,,,,,,,,,,,,,,,
2022-03-27,23,2052,,,,,,,,,,,,,,,,,
2022-03-28,43,2443,,,,,,,,,,,,,,,,,
2022-03-29,49,2214,,,,,,,,,,,,,,,,,
2022-03-30,29,2229,,,,,,,,,,,,,,,,,
2022-03-31,46,2246,,,,,,,,,,,,,,,,,
2022-04-01,36,2402,,,,,,,,,,,,,,,,,
2022-04-02,31,2083,,,,,,,,,,,,,,,,,
2022-04-03,25,1862,,,,,,,,,,,,,,,,,
2022-04-04,48,2345,,,,,,,,,,,,,,,,,
2022-04-05,60,2328,,,,,,,,,,,,,,,,,
2022-04-06,30,1818,,,,,,,,,,,,,,,,,
2022-04-07,66,2255,,,,,,,,,,,,,,,,,
2022-04-08,57,2151,,,,,,,,,,,,,,,,,
2022-04-09,26,2136,,,,,,,,,,,,,,,,,
2022-04-10,21,2215,,,,,,,,,,,,,,,,,
2022-04-11,85,2660,,,,,,,,,,,,,,,,,
2022-04-12,78,2666,,,,,,,,,,,,,,,,,
2022-04-13,52,2564,,,,,,,,,,,,,,,,,
2022-04-14,66,2676,,,,,,,,,,,,,,,,,
2022-04-15,67,2474,,,,,,,,,,,,,,,,,
2022-04-16,58,2393,,,,,,,,,,,,,,,,,
2022-04-17,50,1987,,,,,,,,,,,,,,,,,
2022-04-18,67,2343,,,,,,,,,,,,,,,,,
2022-04-19,47,2100,,,,,,,,,,,,,,,,,
2022-04-20,37,1907,,,,,,,,,,,,,,,,,
2022-04-21,34,2094,,,,,,,,,,,,,,,,,
2022-04-22,33,2023,,,,,,,,,,,,,,,,,
2022-04-23,23,1847,,,,,,,,,,,,,,,,,
2022-04-24,20,1799,,,,,,,,,,,,,,,,,
2022-04-25,54,2491,,,,,,,,,,,,,,,,,
2022-04-26,43,2196,,,,,,,,,,,,,,,,,
2022-04-27,43,2236,,,,,,,,,,,,,,,,,
2022-04-28,25,2280,,,,,,,,,,,,,,,,,
2022-04-29,56,2397,,,,,,,,,,,,,,,,,
2022-04-30,18,2225,,,,,,,,,,,,,,,,,
2022-05-01,14,2180,,,,,,,,,,,,,,,,,
2022-05-02,27,2500,,,,,,,,,,,,,,,,,
2022-05-03,55,2283,,,,,,,,,,,,,,,,,
2022-05-04,28,1968,,,,,,,,,,,,,,,,,
2022-05-05,46,2399,,,,,,,,,,,,,,,,,
2022-05-06,51,2375,,,,,,,,,,,,,,,,,
2022-05-07,20,2055,,,,,,,,,,,,,,,,,
2022-05-08,23,2003,,,,,,,,,,,,,,,,,
2022-05-09,64,2591,,,,,,,,,,,,,,,,,
2022-05-10,47,2423,,,,,,,,,,,,,,,,,
2022-05-11,62,2423,,,,,,,,,,,,,,,,,
2022-05-12,37,2503,,,,,,,,,,,,,,,,,
2022-05-13,48,2075,,,,,,,,,,,,,,,,,
2022-05-14,25,2026,,,,,,,,,,,,,,,,,
2022-05-15,21,2114,,,,,,,,,,,,,,,,,
2022-05-16,18,2050,,,,,,,,,,,,,,,,,
2022-05-17,64,2790,,,,,,,,,,,,,,,,,
2022-05-18,51,2531,,,,,,,,,,,,,,,,,
2022-05-19,48,2394,,,,,,,,,,,,,,,,,
2022-05-20,36,1996,,,,,,,,,,,,,,,,,
2022-05-21,10,1411,,,,,,,,,,,,,,,,,
2022-05-22,13,1514,,,,,,,,,,,,,,,,,
2022-05-23,47,2123,,,,,,,,,,,,,,,,,
2022-05-24,39,1908,,,,,,,,,,,,,,,,,
2022-05-25,29,2496,,,,,,,,,,,,,,,,,
2022-05-26,45,3400,,,,,,,,,,,,,,,,,
2022-05-27,38,2656,,,,,,,,,,,,,,,,,
2022-05-28,18,2389,,,,,,,,,,,,,,,,,
2022-05-29,26,2311,,,,,,,,,,,,,,,,,
2022-05-30,53,2846,,,,,,,,,,,,,,,,,
2022-05-31,46,2714,,,,,,,,,,,,,,,,,
2022-06-01,48,2530,,,,,,,,,,,,,,,,,
2022-06-02,47,2634,,,,,,,,,,,,,,,,,
2022-06-03,31,2301,,,,,,,,,,,,,,,,,
2022-06-04,10,2295,,,,,,,,,,,,,,,,,
2022-06-05,13,2287,,,,,,,,,,,,,,,,,
2022-06-06,57,3017,,,,,,,,,,,,,,,,,
2022-06-07,57,2750,,,,,,,,,,,,,,,,,
2022-06-08,49,2747,,,,,,,,,,,,,,,,,
2022-06-09,41,2659,,,,,,,,,,,,,,,,,
2022-06-10,49,2667,,,,,,,,,,,,,,,,,
2022-06-11,22,2405,,,,,,,,,,,,,,,,,
2022-06-12,34,2401,,,,,,,,,,,,,,,,,
2022-06-13,54,3081,,,,,,,,,,,,,,,,,
2022-06-14,46,2624,,,,,,,,,,,,,,,,,
2022-06-15,30,2731,,,,,,,,,,,,,,,,,
2022-06-16,44,2709,,,,,,,,,,,,,,,,,
2022-06-17,41,2737,,,,,,,,,,,,,,,,,
2022-06-18,27,2466,,,,,,,,,,,,,,,,,
2022-06-19,21,2558,,,,,,,,,,,,,,,,,
2022-06-20,55,3224,,,,,,,,,,,,,,,,,
2022-06-21,41,2839,,,,,,,,,,,,,,,,,
2022-06-22,57,2663,,,,,,,,,,,,,,,,,
2022-06-23,40,2615,,,,,,,,,,,,,,,,,
2022-06-24,33,2597,,,,,,,,,,,,,,,,,
2022-06-25,13,2491,,,,,,,,,,,,,,,,,
2022-06-26,20,2563,,,,,,,,,,,,,,,,,
2022-06-27,51,2882,,,,,,,,,,,,,,,,,
2022-06-28,42,2731,,,,,,,,,,,,,,,,,
2022-06-29,44,2712,,,,,,,,,,,,,,,,,
2022-06-30,39,2744,,,,,,,,,,,,,,,,,
2022-07-01,31,2884,,,,,,,,,,,,,,,,,
2022-07-02,27,2555,,,,,,,,,,,,,,,,,
2022-07-03,38,2468,,,,,,,,,,,,,,,,,
2022-07-04,70,3144,,,,,,,,,,,,,,,,,
2022-07-05,44,2687,,,,,,,,,,,,,,,,,
2022-07-06,38,2555,,,,,,,,,,,,,,,,,
2022-07-07,45,2724,,,,,,,,,,,,,,,,,
2022-07-08,40,2754,,,,,,,,,,,,,,,,,
2022-07-09,30,2490,,,,,,,,,,,,,,,,,
2022-07-10,31,2412,,,,,,,,,,,,,,,,,
2022-07-11,62,3219,,,,,,,,,,,,,,,,,
2022-07-12,46,2784,,,,,,,,,,,,,,,,,
2022-07-13,26,2038,,,,,,,,,,,,,,,,,
2022-07-14,60,1947,,,,,,,,,,,,,,,,,
2022-07-15,38,2003,,,,,,,,,,,,,,,,,
2022-07-16,29,2072,,,,,,,,,,,,,,,,,
2022-07-17,23,2214,,,,,,,,,,,,,,,,,
2022-07-18,50,2896,,,,,,,,,,,,,,,,,
2022-07-19,54,2828,,,,,,,,,,,,,,,,,
2022-07-20,54,2460,,,,,,,,,,,,,,,,,
2022-07-21,41,2530,,,,,,,,,,,,,,,,,
2022-07-22,35,2616,,,,,,,,,,,,,,,,,
2022-07-23,16,2301,,,,,,,,,,,,,,,,,
2022-07-24,21,2243,,,,,,,,,,,,,,,,,
2022-07-25,52,2943,,,,,,,,,,,,,,,,,
2022-07-26,43,2652,,,,,,,,,,,,,,,,,
2022-07-27,54,2530,,,,,,,,,,,,,,,,,
2022-07-28,28,2311,,,,,,,,,,,,,,,,,
2022-07-29,27,2283,,,,,,,,,,,,,,,,,
2022-07-30,32,2305,,,,,,,,,,,,,,,,,
2022-07-31,36,2403,,,,,,,,,,,,,,,,,
2022-08-01,52,3038,,,,,,,,,,,,,,,,,
2022-08-02,39,2603,,,,,,,,,,,,,,,,,
2022-08-03,52,2614,,,,,,,,,,,,,,,,,
2022-08-04,35,2660,,,,,,,,,,,,,,,,,
2022-08-05,36,2738,,,,,,,,,,,,,,,,,
2022-08-06,24,2289,,,,,,,,,,,,,,,,,
2022-08-07,25,2130,,,,,,,,,,,,,,,,,
2022-08-08,49,2989,,,,,,,,,,,,,,,,,
2022-08-09,39,2516,,,,,,,,,,,,,,,,,
2022-08-10,44,2892,,,,,,,,,,,,,,,,,
2022-08-11,43,2566,,,,,,,,,,,,,,,,,
2022-08-12,17,2266,,,,,,,,,,,,,,,,,
2022-08-13,20,2144,,,,,,,,,,,,,,,,,
2022-08-14,18,2337,,,,,,,,,,,,,,,,,
2022-08-15,49,2888,,,,,,,,,,,,,,,,,
2022-08-16,51,2523,,,,,,,,,,,,,,,,,
2022-08-17,50,2642,,,,,,,,,,,,,,,,,
2022-08-18,45,2774,,,,,,,,,,,,,,,,,
2022-08-19,35,2759,,,,,,,,,,,,,,,,,
2022-08-20,30,2218,,,,,,,,,,,,,,,,,
2022-08-21,25,2336,,,,,,,,,,,,,,,,,
2022-08-22,56,2940,,,,,,,,,,,,,,,,,
2022-08-23,35,2586,,,,,,,,,,,,,,,,,
